,pri de spot da â‚¬/mwh cet h s
2015-01-01 00:00:00+01:00,23.912277020431905
2015-01-02 00:00:00+01:00,25.381394177608794
2015-01-03 00:00:00+01:00,27.45600891117135
2015-01-04 00:00:00+01:00,23.1388199674538
2015-01-05 00:00:00+01:00,37.05976625124953
2015-01-06 00:00:00+01:00,39.01504281188985
2015-01-07 00:00:00+01:00,39.147147991763454
2015-01-08 00:00:00+01:00,33.59646205437107
2015-01-09 00:00:00+01:00,25.078015897022244
2015-01-10 00:00:00+01:00,20.242399735698672
2015-01-11 00:00:00+01:00,12.118034356701656
2015-01-12 00:00:00+01:00,29.741595767495934
2015-01-13 00:00:00+01:00,29.220490166140724
2015-01-14 00:00:00+01:00,31.4289408331155
2015-01-15 00:00:00+01:00,27.939553476541064
2015-01-16 00:00:00+01:00,32.357401356210836
2015-01-17 00:00:00+01:00,29.156962683431118
2015-01-18 00:00:00+01:00,24.217573402862442
2015-01-19 00:00:00+01:00,41.23553422277015
2015-01-20 00:00:00+01:00,42.686464627886146
2015-01-21 00:00:00+01:00,46.03914040857421
2015-01-22 00:00:00+01:00,43.5593277706038
2015-01-23 00:00:00+01:00,42.9310317754441
2015-01-24 00:00:00+01:00,31.636015856007475
2015-01-25 00:00:00+01:00,26.461419152901993
2015-01-26 00:00:00+01:00,37.793895727709774
2015-01-27 00:00:00+01:00,34.87825932389929
2015-01-28 00:00:00+01:00,31.895819685702993
2015-01-29 00:00:00+01:00,28.445575076664596
2015-01-30 00:00:00+01:00,39.05102841394271
2015-01-31 00:00:00+01:00,31.86993928498738
2015-02-01 00:00:00+01:00,27.826277445201978
2015-02-02 00:00:00+01:00,39.507830838822905
2015-02-03 00:00:00+01:00,38.200982029773826
2015-02-04 00:00:00+01:00,47.23944354972932
2015-02-05 00:00:00+01:00,46.68836051455079
2015-02-06 00:00:00+01:00,42.449464938508264
2015-02-07 00:00:00+01:00,28.10153499230446
2015-02-08 00:00:00+01:00,18.781392127778645
2015-02-09 00:00:00+01:00,34.91876641383462
2015-02-10 00:00:00+01:00,38.66867377182336
2015-02-11 00:00:00+01:00,43.838785057706104
2015-02-12 00:00:00+01:00,45.73743205019243
2015-02-13 00:00:00+01:00,41.049611960142364
2015-02-14 00:00:00+01:00,31.710246499020155
2015-02-15 00:00:00+01:00,25.18285587605558
2015-02-16 00:00:00+01:00,35.7702663402332
2015-02-17 00:00:00+01:00,42.95542621884457
2015-02-18 00:00:00+01:00,45.2280419022631
2015-02-19 00:00:00+01:00,42.31235508747972
2015-02-20 00:00:00+01:00,34.990236876431375
2015-02-21 00:00:00+01:00,27.541429885933365
2015-02-22 00:00:00+01:00,28.948526752483463
2015-02-23 00:00:00+01:00,33.71918351711036
2015-02-24 00:00:00+01:00,38.99433693452222
2015-02-25 00:00:00+01:00,40.29028116902738
2015-02-26 00:00:00+01:00,41.75363065517025
2015-02-27 00:00:00+01:00,39.26989123982879
2015-02-28 00:00:00+01:00,33.43800865813357
2015-03-01 00:00:00+01:00,21.731872342528735
2015-03-02 00:00:00+01:00,30.13555179834812
2015-03-03 00:00:00+01:00,32.99757962185901
2015-03-04 00:00:00+01:00,32.27863863658593
2015-03-05 00:00:00+01:00,36.3428307737419
2015-03-06 00:00:00+01:00,35.7302223352302
2015-03-07 00:00:00+01:00,30.145013317397062
2015-03-08 00:00:00+01:00,23.52980582512096
2015-03-09 00:00:00+01:00,36.875496999174565
2015-03-10 00:00:00+01:00,42.91966670017117
2015-03-11 00:00:00+01:00,39.025122804526106
2015-03-12 00:00:00+01:00,37.56689965517447
2015-03-13 00:00:00+01:00,37.75703243162241
2015-03-14 00:00:00+01:00,32.446907793318516
2015-03-15 00:00:00+01:00,23.803602841749083
2015-03-16 00:00:00+01:00,31.1469480597551
2015-03-17 00:00:00+01:00,39.01888659850783
2015-03-18 00:00:00+01:00,37.53393321089376
2015-03-19 00:00:00+01:00,37.92465964777464
2015-03-20 00:00:00+01:00,37.8072814854933
2015-03-21 00:00:00+01:00,32.25429678306825
2015-03-22 00:00:00+01:00,26.54916734878978
2015-03-23 00:00:00+01:00,35.89167522616791
2015-03-24 00:00:00+01:00,40.12646543823323
2015-03-25 00:00:00+01:00,43.32255089841471
2015-03-26 00:00:00+01:00,42.11819865800151
2015-03-27 00:00:00+01:00,40.07828100360004
2015-03-28 00:00:00+01:00,29.153502939059425
2015-03-29 00:00:00+01:00,17.846588789436915
2015-03-30 00:00:00+02:00,22.02493255325386
2015-03-31 00:00:00+02:00,23.164415385765547
2015-04-01 00:00:00+02:00,20.19419184793119
2015-04-02 00:00:00+02:00,26.34715903735372
2015-04-03 00:00:00+02:00,27.871214281846985
2015-04-04 00:00:00+02:00,30.168036350005565
2015-04-05 00:00:00+02:00,17.26827297197406
2015-04-06 00:00:00+02:00,20.856473798054353
2015-04-07 00:00:00+02:00,33.46908461587572
2015-04-08 00:00:00+02:00,36.62668162599845
2015-04-09 00:00:00+02:00,39.00823403980447
2015-04-10 00:00:00+02:00,37.83086092825649
2015-04-11 00:00:00+02:00,29.085269790974817
2015-04-12 00:00:00+02:00,22.775570659254583
2015-04-13 00:00:00+02:00,31.24696149064576
2015-04-14 00:00:00+02:00,35.20753552769796
2015-04-15 00:00:00+02:00,31.8097170038111
2015-04-16 00:00:00+02:00,33.61910405896165
2015-04-17 00:00:00+02:00,34.823739555832596
2015-04-18 00:00:00+02:00,28.077880105929577
2015-04-19 00:00:00+02:00,21.542804900157865
2015-04-20 00:00:00+02:00,32.742585481660505
2015-04-21 00:00:00+02:00,32.6450719077552
2015-04-22 00:00:00+02:00,33.24247079544555
2015-04-23 00:00:00+02:00,34.81927580306092
2015-04-24 00:00:00+02:00,34.986746626328646
2015-04-25 00:00:00+02:00,26.60114639807365
2015-04-26 00:00:00+02:00,20.40915563530083
2015-04-27 00:00:00+02:00,31.364835067439383
2015-04-28 00:00:00+02:00,35.15557600275727
2015-04-29 00:00:00+02:00,34.36099924040756
2015-04-30 00:00:00+02:00,33.48796932341961
2015-05-01 00:00:00+02:00,23.546725194147744
2015-05-02 00:00:00+02:00,26.732630256796202
2015-05-03 00:00:00+02:00,21.27879700690176
2015-05-04 00:00:00+02:00,30.70841256283906
2015-05-05 00:00:00+02:00,27.44850284616797
2015-05-06 00:00:00+02:00,27.522342250897776
2015-05-07 00:00:00+02:00,26.194261498298633
2015-05-08 00:00:00+02:00,29.392013286938838
2015-05-09 00:00:00+02:00,24.456258255771726
2015-05-10 00:00:00+02:00,15.638216857063236
2015-05-11 00:00:00+02:00,29.815691923969336
2015-05-12 00:00:00+02:00,29.388161694495437
2015-05-13 00:00:00+02:00,26.358237448015036
2015-05-14 00:00:00+02:00,21.66605337942998
2015-05-15 00:00:00+02:00,32.03133683338461
2015-05-16 00:00:00+02:00,23.171552864622125
2015-05-17 00:00:00+02:00,12.9647390037306
2015-05-18 00:00:00+02:00,29.477654965091606
2015-05-19 00:00:00+02:00,29.04908816368641
2015-05-20 00:00:00+02:00,29.93764421719821
2015-05-21 00:00:00+02:00,32.72922211772268
2015-05-22 00:00:00+02:00,33.47851476849439
2015-05-23 00:00:00+02:00,23.271274867019812
2015-05-24 00:00:00+02:00,12.79700460796865
2015-05-25 00:00:00+02:00,21.622887039368624
2015-05-26 00:00:00+02:00,30.534792726951093
2015-05-27 00:00:00+02:00,30.406262075246342
2015-05-28 00:00:00+02:00,30.36347244638867
2015-05-29 00:00:00+02:00,31.423072584598916
2015-05-30 00:00:00+02:00,22.466789980658376
2015-05-31 00:00:00+02:00,17.665233195366
2015-06-01 00:00:00+02:00,29.442654120739036
2015-06-02 00:00:00+02:00,24.87000728381085
2015-06-03 00:00:00+02:00,26.00313266053756
2015-06-04 00:00:00+02:00,23.37408080562999
2015-06-05 00:00:00+02:00,28.198461671833275
2015-06-06 00:00:00+02:00,21.72076007765509
2015-06-07 00:00:00+02:00,17.406167776588095
2015-06-08 00:00:00+02:00,31.91289339718443
2015-06-09 00:00:00+02:00,30.8191171083173
2015-06-10 00:00:00+02:00,31.526925974717532
2015-06-11 00:00:00+02:00,32.316434751068655
2015-06-12 00:00:00+02:00,31.58325444951899
2015-06-13 00:00:00+02:00,22.613153143696454
2015-06-14 00:00:00+02:00,18.090349634504804
2015-06-15 00:00:00+02:00,32.02696646785085
2015-06-16 00:00:00+02:00,31.140778151413198
2015-06-17 00:00:00+02:00,32.75320465829124
2015-06-18 00:00:00+02:00,32.574503001460634
2015-06-19 00:00:00+02:00,30.11069583649193
2015-06-20 00:00:00+02:00,22.480799109498758
2015-06-21 00:00:00+02:00,17.38673579489623
2015-06-22 00:00:00+02:00,31.778451237083857
2015-06-23 00:00:00+02:00,32.200766005327374
2015-06-24 00:00:00+02:00,30.07485718031756
2015-06-25 00:00:00+02:00,30.88829227976883
2015-06-26 00:00:00+02:00,31.773052181852297
2015-06-27 00:00:00+02:00,26.573055266951133
2015-06-28 00:00:00+02:00,19.341023742241298
2015-06-29 00:00:00+02:00,32.35815511690664
2015-06-30 00:00:00+02:00,33.88269595216678
2015-07-01 00:00:00+02:00,33.33815159736627
2015-07-02 00:00:00+02:00,32.49303939609349
2015-07-03 00:00:00+02:00,33.33020753208773
2015-07-04 00:00:00+02:00,29.879694620969076
2015-07-05 00:00:00+02:00,23.404701861871658
2015-07-06 00:00:00+02:00,30.586102192607015
2015-07-07 00:00:00+02:00,38.01950353050186
2015-07-08 00:00:00+02:00,42.80929549262803
2015-07-09 00:00:00+02:00,32.59238866360258
2015-07-10 00:00:00+02:00,33.052081174246666
2015-07-11 00:00:00+02:00,29.0476293246883
2015-07-12 00:00:00+02:00,23.4311928657596
2015-07-13 00:00:00+02:00,35.076821822950556
2015-07-14 00:00:00+02:00,34.675490625477025
2015-07-15 00:00:00+02:00,42.8346280177677
2015-07-16 00:00:00+02:00,44.266582469662005
2015-07-17 00:00:00+02:00,41.25303202022014
2015-07-18 00:00:00+02:00,31.739387856808303
2015-07-19 00:00:00+02:00,29.04993602636657
2015-07-20 00:00:00+02:00,39.225968608424175
2015-07-21 00:00:00+02:00,37.06393476395409
2015-07-22 00:00:00+02:00,44.307119673191295
2015-07-23 00:00:00+02:00,45.453409760096434
2015-07-24 00:00:00+02:00,43.231069378462934
2015-07-25 00:00:00+02:00,27.84861643562081
2015-07-26 00:00:00+02:00,18.955628673173276
2015-07-27 00:00:00+02:00,34.125611213212856
2015-07-28 00:00:00+02:00,28.83882155676964
2015-07-29 00:00:00+02:00,28.56647461748999
2015-07-30 00:00:00+02:00,27.69677042916572
2015-07-31 00:00:00+02:00,30.87143275656589
2015-08-01 00:00:00+02:00,26.073978328500022
2015-08-02 00:00:00+02:00,22.726238095075093
2015-08-03 00:00:00+02:00,34.718021062342295
2015-08-04 00:00:00+02:00,33.711170547097815
2015-08-05 00:00:00+02:00,33.940863382147164
2015-08-06 00:00:00+02:00,34.51001661915234
2015-08-07 00:00:00+02:00,35.813459700300385
2015-08-08 00:00:00+02:00,28.64785157541301
2015-08-09 00:00:00+02:00,23.335034142625563
2015-08-10 00:00:00+02:00,35.89082016664236
2015-08-11 00:00:00+02:00,37.15871172880591
2015-08-12 00:00:00+02:00,35.9461072559827
2015-08-13 00:00:00+02:00,35.78470513599945
2015-08-14 00:00:00+02:00,32.60892989753143
2015-08-15 00:00:00+02:00,26.316458209962494
2015-08-16 00:00:00+02:00,24.103725806332918
2015-08-17 00:00:00+02:00,35.52332857945046
2015-08-18 00:00:00+02:00,38.79472290637343
2015-08-19 00:00:00+02:00,39.242841702795296
2015-08-20 00:00:00+02:00,39.07354049042024
2015-08-21 00:00:00+02:00,36.84000727150659
2015-08-22 00:00:00+02:00,29.207220137923958
2015-08-23 00:00:00+02:00,23.20419888663476
2015-08-24 00:00:00+02:00,34.890808512570786
2015-08-25 00:00:00+02:00,30.084303206184217
2015-08-26 00:00:00+02:00,29.737146312885567
2015-08-27 00:00:00+02:00,31.02374126482214
2015-08-28 00:00:00+02:00,33.484968138097564
2015-08-29 00:00:00+02:00,28.266041576840365
2015-08-30 00:00:00+02:00,24.010924125108577
2015-08-31 00:00:00+02:00,37.463925677287776
2015-09-01 00:00:00+02:00,38.57679105423253
2015-09-02 00:00:00+02:00,38.146957680808406
2015-09-03 00:00:00+02:00,40.525673083835365
2015-09-04 00:00:00+02:00,36.47927005964049
2015-09-05 00:00:00+02:00,22.64933440422558
2015-09-06 00:00:00+02:00,13.615183761610899
2015-09-07 00:00:00+02:00,35.612730321450414
2015-09-08 00:00:00+02:00,36.84979143561504
2015-09-09 00:00:00+02:00,37.27455002514981
2015-09-10 00:00:00+02:00,35.71699688032459
2015-09-11 00:00:00+02:00,33.89319989873028
2015-09-12 00:00:00+02:00,28.405813227952866
2015-09-13 00:00:00+02:00,20.822347823900845
2015-09-14 00:00:00+02:00,34.41117997999607
2015-09-15 00:00:00+02:00,30.460589285010496
2015-09-16 00:00:00+02:00,31.05796039667841
2015-09-17 00:00:00+02:00,31.46534476383391
2015-09-18 00:00:00+02:00,33.78896012955668
2015-09-19 00:00:00+02:00,30.771450891858137
2015-09-20 00:00:00+02:00,24.414480809686022
2015-09-21 00:00:00+02:00,35.679073697554166
2015-09-22 00:00:00+02:00,36.81542594791107
2015-09-23 00:00:00+02:00,36.755572366073764
2015-09-24 00:00:00+02:00,35.999175984463655
2015-09-25 00:00:00+02:00,35.866803635594295
2015-09-26 00:00:00+02:00,30.107228100228866
2015-09-27 00:00:00+02:00,23.045119057644097
2015-09-28 00:00:00+02:00,34.25154241622533
2015-09-29 00:00:00+02:00,35.90366681035568
2015-09-30 00:00:00+02:00,36.10819603304986
2015-10-01 00:00:00+02:00,36.76828489791417
2015-10-02 00:00:00+02:00,37.3291767768979
2015-10-03 00:00:00+02:00,30.963568329211867
2015-10-04 00:00:00+02:00,26.84777307624012
2015-10-05 00:00:00+02:00,36.847956158166625
2015-10-06 00:00:00+02:00,37.33775005683004
2015-10-07 00:00:00+02:00,38.16900477943923
2015-10-08 00:00:00+02:00,43.09395333275069
2015-10-09 00:00:00+02:00,43.920870325403875
2015-10-10 00:00:00+02:00,32.43462306653891
2015-10-11 00:00:00+02:00,25.434644008258143
2015-10-12 00:00:00+02:00,37.194321083090635
2015-10-13 00:00:00+02:00,38.99859783651592
2015-10-14 00:00:00+02:00,41.626459850719414
2015-10-15 00:00:00+02:00,41.89069579335459
2015-10-16 00:00:00+02:00,41.56577388207268
2015-10-17 00:00:00+02:00,36.744568969172114
2015-10-18 00:00:00+02:00,31.92636696492194
2015-10-19 00:00:00+02:00,41.45709316438131
2015-10-20 00:00:00+02:00,45.72712242461031
2015-10-21 00:00:00+02:00,47.65457809418711
2015-10-22 00:00:00+02:00,42.56701796941029
2015-10-23 00:00:00+02:00,39.06829258021794
2015-10-24 00:00:00+02:00,34.019928432018595
2015-10-25 00:00:00+02:00,30.443298538099942
2015-10-26 00:00:00+01:00,36.823984071484546
2015-10-27 00:00:00+01:00,41.4663599830159
2015-10-28 00:00:00+01:00,40.00682951624133
2015-10-29 00:00:00+01:00,43.60493156026286
2015-10-30 00:00:00+01:00,43.9723629289766
2015-10-31 00:00:00+01:00,32.15748694012733
2015-11-01 00:00:00+01:00,29.237318681389493
2015-11-02 00:00:00+01:00,41.72954572309357
2015-11-03 00:00:00+01:00,43.97063744167762
2015-11-04 00:00:00+01:00,43.196362362160265
2015-11-05 00:00:00+01:00,41.975572837104316
2015-11-06 00:00:00+01:00,41.591073521053026
2015-11-07 00:00:00+01:00,33.18736293764407
2015-11-08 00:00:00+01:00,27.74799225220161
2015-11-09 00:00:00+01:00,35.07465826540463
2015-11-10 00:00:00+01:00,29.702940624938638
2015-11-11 00:00:00+01:00,34.21674642803531
2015-11-12 00:00:00+01:00,38.35652923252095
2015-11-13 00:00:00+01:00,36.02660361955828
2015-11-14 00:00:00+01:00,19.879220317302764
2015-11-15 00:00:00+01:00,21.199941408823275
2015-11-16 00:00:00+01:00,32.40010114665398
2015-11-17 00:00:00+01:00,33.45369594313299
2015-11-18 00:00:00+01:00,21.84927603971029
2015-11-19 00:00:00+01:00,23.29456950829224
2015-11-20 00:00:00+01:00,34.50657490684946
2015-11-21 00:00:00+01:00,31.88662677738242
2015-11-22 00:00:00+01:00,29.9562785232332
2015-11-23 00:00:00+01:00,41.95526765977289
2015-11-24 00:00:00+01:00,35.28615779524595
2015-11-25 00:00:00+01:00,37.43125675156525
2015-11-26 00:00:00+01:00,42.002106011413176
2015-11-27 00:00:00+01:00,39.53180440948232
2015-11-28 00:00:00+01:00,28.100925933214896
2015-11-29 00:00:00+01:00,13.297220550694162
2015-11-30 00:00:00+01:00,25.550121984514917
2015-12-01 00:00:00+01:00,34.85228656594325
2015-12-02 00:00:00+01:00,35.98402213236027
2015-12-03 00:00:00+01:00,38.732357305121724
2015-12-04 00:00:00+01:00,31.926907645133564
2015-12-05 00:00:00+01:00,22.780437271570722
2015-12-06 00:00:00+01:00,13.635548954731098
2015-12-07 00:00:00+01:00,36.62253585031786
2015-12-08 00:00:00+01:00,36.501587714641296
2015-12-09 00:00:00+01:00,35.28464061885314
2015-12-10 00:00:00+01:00,30.477310383892164
2015-12-11 00:00:00+01:00,27.759208065818555
2015-12-12 00:00:00+01:00,26.016293710215262
2015-12-13 00:00:00+01:00,21.98670112360348
2015-12-14 00:00:00+01:00,39.19899522739136
2015-12-15 00:00:00+01:00,40.27246969291745
2015-12-16 00:00:00+01:00,39.609772166481754
2015-12-17 00:00:00+01:00,33.910548380058806
2015-12-18 00:00:00+01:00,32.67091349906326
2015-12-19 00:00:00+01:00,27.994880339194868
2015-12-20 00:00:00+01:00,22.324097831737433
2015-12-21 00:00:00+01:00,32.17764016414298
2015-12-22 00:00:00+01:00,20.973005060308655
2015-12-23 00:00:00+01:00,20.621336859271008
2015-12-24 00:00:00+01:00,17.82522412690951
2015-12-25 00:00:00+01:00,8.41886011475372
2015-12-26 00:00:00+01:00,12.989128350618904
2015-12-27 00:00:00+01:00,14.391826589229227
2015-12-28 00:00:00+01:00,23.939126310742665
2015-12-29 00:00:00+01:00,27.78353439115817
2015-12-30 00:00:00+01:00,26.10983735763995
2015-12-31 00:00:00+01:00,21.48097736540555
2016-01-01 00:00:00+01:00,20.51962686548381
2016-01-02 00:00:00+01:00,20.520850526568438
2016-01-03 00:00:00+01:00,20.306656804482433
2016-01-04 00:00:00+01:00,35.371539803945666
2016-01-05 00:00:00+01:00,32.42501703621818
2016-01-06 00:00:00+01:00,30.985430316196826
2016-01-07 00:00:00+01:00,32.3299153756416
2016-01-08 00:00:00+01:00,28.534830022342135
2016-01-09 00:00:00+01:00,28.433492657816966
2016-01-10 00:00:00+01:00,21.156403712640024
2016-01-11 00:00:00+01:00,34.91237284264105
2016-01-12 00:00:00+01:00,32.50268497854562
2016-01-13 00:00:00+01:00,31.08023136543952
2016-01-14 00:00:00+01:00,31.98218194646329
2016-01-15 00:00:00+01:00,32.82827308702257
2016-01-16 00:00:00+01:00,28.523018380561123
2016-01-17 00:00:00+01:00,27.380003586777537
2016-01-18 00:00:00+01:00,35.348657012523674
2016-01-19 00:00:00+01:00,37.89621844873822
2016-01-20 00:00:00+01:00,40.48685402545093
2016-01-21 00:00:00+01:00,47.04798589923511
2016-01-22 00:00:00+01:00,38.73336733359391
2016-01-23 00:00:00+01:00,29.394773977166366
2016-01-24 00:00:00+01:00,24.691598953672173
2016-01-25 00:00:00+01:00,33.15828308230924
2016-01-26 00:00:00+01:00,29.45569653737679
2016-01-27 00:00:00+01:00,18.723250702499083
2016-01-28 00:00:00+01:00,25.78458517589968
2016-01-29 00:00:00+01:00,20.000273445142607
2016-01-30 00:00:00+01:00,14.600293182464
2016-01-31 00:00:00+01:00,18.059466686079684
2016-02-01 00:00:00+01:00,24.073934375570204
2016-02-02 00:00:00+01:00,20.28135502160646
2016-02-03 00:00:00+01:00,23.09103888376229
2016-02-04 00:00:00+01:00,28.67805250507726
2016-02-05 00:00:00+01:00,31.074196237769087
2016-02-06 00:00:00+01:00,19.92943393848971
2016-02-07 00:00:00+01:00,13.615237560212599
2016-02-08 00:00:00+01:00,16.89074970357191
2016-02-09 00:00:00+01:00,20.829919602305928
2016-02-10 00:00:00+01:00,24.938216455358454
2016-02-11 00:00:00+01:00,25.39587257036675
2016-02-12 00:00:00+01:00,29.644044920688547
2016-02-13 00:00:00+01:00,25.77721140148483
2016-02-14 00:00:00+01:00,17.601659412981967
2016-02-15 00:00:00+01:00,27.41901680280169
2016-02-16 00:00:00+01:00,31.012644798471296
2016-02-17 00:00:00+01:00,29.62380056677803
2016-02-18 00:00:00+01:00,29.578082912454377
2016-02-19 00:00:00+01:00,29.15697455210288
2016-02-20 00:00:00+01:00,16.12338245717207
2016-02-21 00:00:00+01:00,11.965325210660522
2016-02-22 00:00:00+01:00,22.640637363738005
2016-02-23 00:00:00+01:00,26.22772436789648
2016-02-24 00:00:00+01:00,25.987940553433333
2016-02-25 00:00:00+01:00,28.105274903816806
2016-02-26 00:00:00+01:00,27.983645134350784
2016-02-27 00:00:00+01:00,22.74528465302861
2016-02-28 00:00:00+01:00,17.03685154271596
2016-02-29 00:00:00+01:00,25.92549668778865
2016-03-01 00:00:00+01:00,24.976503759913893
2016-03-02 00:00:00+01:00,23.25963155508389
2016-03-03 00:00:00+01:00,26.124712212936984
2016-03-04 00:00:00+01:00,24.200950693967
2016-03-05 00:00:00+01:00,23.016068755738207
2016-03-06 00:00:00+01:00,19.007456047761725
2016-03-07 00:00:00+01:00,27.796683623683553
2016-03-08 00:00:00+01:00,29.19272351059642
2016-03-09 00:00:00+01:00,24.611949013011593
2016-03-10 00:00:00+01:00,25.45779098431944
2016-03-11 00:00:00+01:00,27.096190755150914
2016-03-12 00:00:00+01:00,23.48642428194091
2016-03-13 00:00:00+01:00,20.1164035003068
2016-03-14 00:00:00+01:00,25.623427280684947
2016-03-15 00:00:00+01:00,26.997572372353854
2016-03-16 00:00:00+01:00,24.68871228975974
2016-03-17 00:00:00+01:00,26.334968560643947
2016-03-18 00:00:00+01:00,25.019686328895062
2016-03-19 00:00:00+01:00,23.705969547508058
2016-03-20 00:00:00+01:00,19.54407906489431
2016-03-21 00:00:00+01:00,24.90263114421099
2016-03-22 00:00:00+01:00,24.977257439584736
2016-03-23 00:00:00+01:00,26.784524985203415
2016-03-24 00:00:00+01:00,26.908104924259224
2016-03-25 00:00:00+01:00,24.404881900115658
2016-03-26 00:00:00+01:00,18.24711096498705
2016-03-27 00:00:00+01:00,9.107337677195973
2016-03-28 00:00:00+02:00,8.074299290576297
2016-03-29 00:00:00+02:00,18.810676475322705
2016-03-30 00:00:00+02:00,26.030334504742232
2016-03-31 00:00:00+02:00,27.860929936616188
2016-04-01 00:00:00+02:00,27.747141212850547
2016-04-02 00:00:00+02:00,22.737721035999417
2016-04-03 00:00:00+02:00,18.64876753228454
2016-04-04 00:00:00+02:00,25.582095863594933
2016-04-05 00:00:00+02:00,27.679670807095665
2016-04-06 00:00:00+02:00,21.69793834216354
2016-04-07 00:00:00+02:00,21.792782877165962
2016-04-08 00:00:00+02:00,26.67509699621745
2016-04-09 00:00:00+02:00,23.962112638444747
2016-04-10 00:00:00+02:00,20.077812393156538
2016-04-11 00:00:00+02:00,23.143668652308566
2016-04-12 00:00:00+02:00,25.72971677822829
2016-04-13 00:00:00+02:00,28.31285628034406
2016-04-14 00:00:00+02:00,27.080979175812526
2016-04-15 00:00:00+02:00,25.91825220016125
2016-04-16 00:00:00+02:00,17.972438817144898
2016-04-17 00:00:00+02:00,18.849179769538257
2016-04-18 00:00:00+02:00,24.74147842888541
2016-04-19 00:00:00+02:00,20.3834647632423
2016-04-20 00:00:00+02:00,22.993520117858097
2016-04-21 00:00:00+02:00,24.994669277436117
2016-04-22 00:00:00+02:00,25.5657272711794
2016-04-23 00:00:00+02:00,21.79143636668012
2016-04-24 00:00:00+02:00,17.230820213402062
2016-04-25 00:00:00+02:00,23.07426989757675
2016-04-26 00:00:00+02:00,25.345266754713933
2016-04-27 00:00:00+02:00,25.04315983048741
2016-04-28 00:00:00+02:00,27.170893445201205
2016-04-29 00:00:00+02:00,24.733598300402594
2016-04-30 00:00:00+02:00,22.22178997551856
2016-05-01 00:00:00+02:00,16.660551564951437
2016-05-02 00:00:00+02:00,25.112087836059207
2016-05-03 00:00:00+02:00,26.821562499729282
2016-05-04 00:00:00+02:00,26.944353630899723
2016-05-05 00:00:00+02:00,17.39813315792696
2016-05-06 00:00:00+02:00,22.706257938872977
2016-05-07 00:00:00+02:00,19.156918158148482
2016-05-08 00:00:00+02:00,8.996078649363698
2016-05-09 00:00:00+02:00,21.60784712909631
2016-05-10 00:00:00+02:00,24.86429079551141
2016-05-11 00:00:00+02:00,25.03015416571611
2016-05-12 00:00:00+02:00,25.506810292077503
2016-05-13 00:00:00+02:00,25.33200357780902
2016-05-14 00:00:00+02:00,13.921483799884763
2016-05-15 00:00:00+02:00,3.6747447765609516
2016-05-16 00:00:00+02:00,15.407101188317085
2016-05-17 00:00:00+02:00,25.507748545858956
2016-05-18 00:00:00+02:00,28.474881751682503
2016-05-19 00:00:00+02:00,30.140148845921786
2016-05-20 00:00:00+02:00,28.93303094646021
2016-05-21 00:00:00+02:00,19.571157297418225
2016-05-22 00:00:00+02:00,12.714949164623514
2016-05-23 00:00:00+02:00,26.83419865381191
2016-05-24 00:00:00+02:00,28.937646591444306
2016-05-25 00:00:00+02:00,28.87124933579551
2016-05-26 00:00:00+02:00,25.56899998932275
2016-05-27 00:00:00+02:00,28.63164143852016
2016-05-28 00:00:00+02:00,22.426636744733404
2016-05-29 00:00:00+02:00,13.613373236073315
2016-05-30 00:00:00+02:00,26.200515039952876
2016-05-31 00:00:00+02:00,28.109685847990615
2016-06-01 00:00:00+02:00,29.016110427753286
2016-06-02 00:00:00+02:00,28.54868985482233
2016-06-03 00:00:00+02:00,30.417740606328042
2016-06-04 00:00:00+02:00,24.10357457487923
2016-06-05 00:00:00+02:00,19.170214563809907
2016-06-06 00:00:00+02:00,28.173334301937157
2016-06-07 00:00:00+02:00,29.9817460026629
2016-06-08 00:00:00+02:00,29.033654768573182
2016-06-09 00:00:00+02:00,29.365506054090748
2016-06-10 00:00:00+02:00,26.62000239129829
2016-06-11 00:00:00+02:00,24.762330586734475
2016-06-12 00:00:00+02:00,19.53029399377604
2016-06-13 00:00:00+02:00,29.255836643367648
2016-06-14 00:00:00+02:00,29.31788680308018
2016-06-15 00:00:00+02:00,30.051202801277885
2016-06-16 00:00:00+02:00,29.805345898901034
2016-06-17 00:00:00+02:00,27.959571224350213
2016-06-18 00:00:00+02:00,23.65733278550069
2016-06-19 00:00:00+02:00,19.44112196647474
2016-06-20 00:00:00+02:00,26.630968127550222
2016-06-21 00:00:00+02:00,31.09899207117861
2016-06-22 00:00:00+02:00,31.684082726322345
2016-06-23 00:00:00+02:00,30.12228781982215
2016-06-24 00:00:00+02:00,29.8251804898841
2016-06-25 00:00:00+02:00,25.526819521682924
2016-06-26 00:00:00+02:00,18.04423695512181
2016-06-27 00:00:00+02:00,27.57893186677786
2016-06-28 00:00:00+02:00,30.541762520320685
2016-06-29 00:00:00+02:00,28.48409339134714
2016-06-30 00:00:00+02:00,29.055029198281854
2016-07-01 00:00:00+02:00,27.549806387583967
2016-07-02 00:00:00+02:00,22.40705773563923
2016-07-03 00:00:00+02:00,16.104887458378702
2016-07-04 00:00:00+02:00,29.511149803792197
2016-07-05 00:00:00+02:00,26.942730282941664
2016-07-06 00:00:00+02:00,19.135433702174538
2016-07-07 00:00:00+02:00,25.81792377743933
2016-07-08 00:00:00+02:00,28.408111372894822
2016-07-09 00:00:00+02:00,21.15872396345902
2016-07-10 00:00:00+02:00,16.099037873047575
2016-07-11 00:00:00+02:00,26.636356870191065
2016-07-12 00:00:00+02:00,29.3737517942874
2016-07-13 00:00:00+02:00,31.968034963092702
2016-07-14 00:00:00+02:00,26.89753287729569
2016-07-15 00:00:00+02:00,25.345939482251637
2016-07-16 00:00:00+02:00,23.825643030407843
2016-07-17 00:00:00+02:00,21.213220971452788
2016-07-18 00:00:00+02:00,30.36159337345585
2016-07-19 00:00:00+02:00,32.44609568757872
2016-07-20 00:00:00+02:00,31.092016976702663
2016-07-21 00:00:00+02:00,32.82013288087876
2016-07-22 00:00:00+02:00,32.13303226079572
2016-07-23 00:00:00+02:00,27.62933266040719
2016-07-24 00:00:00+02:00,25.033109577420607
2016-07-25 00:00:00+02:00,32.544170145460235
2016-07-26 00:00:00+02:00,33.37049167184997
2016-07-27 00:00:00+02:00,33.46476674393735
2016-07-28 00:00:00+02:00,33.17812664815461
2016-07-29 00:00:00+02:00,29.809886981713746
2016-07-30 00:00:00+02:00,27.34021877396708
2016-07-31 00:00:00+02:00,23.757281634516662
2016-08-01 00:00:00+02:00,30.12251379572859
2016-08-02 00:00:00+02:00,32.12135375326612
2016-08-03 00:00:00+02:00,29.512562151021694
2016-08-04 00:00:00+02:00,27.639282876157036
2016-08-05 00:00:00+02:00,31.42486564508184
2016-08-06 00:00:00+02:00,24.661541354635986
2016-08-07 00:00:00+02:00,17.15549676680345
2016-08-08 00:00:00+02:00,24.593499904566418
2016-08-09 00:00:00+02:00,29.338388098540435
2016-08-10 00:00:00+02:00,28.530494980971977
2016-08-11 00:00:00+02:00,28.00272738106656
2016-08-12 00:00:00+02:00,28.36858290092552
2016-08-13 00:00:00+02:00,20.734644289808653
2016-08-14 00:00:00+02:00,19.561063382562043
2016-08-15 00:00:00+02:00,25.943281184650033
2016-08-16 00:00:00+02:00,31.632518383534272
2016-08-17 00:00:00+02:00,30.25576982246672
2016-08-18 00:00:00+02:00,30.12614189898966
2016-08-19 00:00:00+02:00,31.15645767442156
2016-08-20 00:00:00+02:00,24.807383874570178
2016-08-21 00:00:00+02:00,19.110077284731258
2016-08-22 00:00:00+02:00,29.860668688777363
2016-08-23 00:00:00+02:00,30.68587800311695
2016-08-24 00:00:00+02:00,30.656136549835395
2016-08-25 00:00:00+02:00,29.08003231223812
2016-08-26 00:00:00+02:00,28.50125661136515
2016-08-27 00:00:00+02:00,26.283201746155083
2016-08-28 00:00:00+02:00,20.25692337082428
2016-08-29 00:00:00+02:00,28.243763961091844
2016-08-30 00:00:00+02:00,31.308370190053
2016-08-31 00:00:00+02:00,31.052413207139168
2016-09-01 00:00:00+02:00,31.42314164899133
2016-09-02 00:00:00+02:00,31.80325745013789
2016-09-03 00:00:00+02:00,27.50625800920678
2016-09-04 00:00:00+02:00,20.196670013550747
2016-09-05 00:00:00+02:00,30.769445694368358
2016-09-06 00:00:00+02:00,33.94999467131432
2016-09-07 00:00:00+02:00,30.944978257752094
2016-09-08 00:00:00+02:00,31.181994430845013
2016-09-09 00:00:00+02:00,31.10394704742058
2016-09-10 00:00:00+02:00,28.876405590069037
2016-09-11 00:00:00+02:00,25.37438059111066
2016-09-12 00:00:00+02:00,32.1936540352661
2016-09-13 00:00:00+02:00,31.110003846851985
2016-09-14 00:00:00+02:00,29.030384117223107
2016-09-15 00:00:00+02:00,27.44140404824948
2016-09-16 00:00:00+02:00,30.98884397696895
2016-09-17 00:00:00+02:00,26.96544520439009
2016-09-18 00:00:00+02:00,24.604130051308513
2016-09-19 00:00:00+02:00,33.276540850275865
2016-09-20 00:00:00+02:00,33.33126532503493
2016-09-21 00:00:00+02:00,33.84835182502611
2016-09-22 00:00:00+02:00,33.71953374659235
2016-09-23 00:00:00+02:00,31.354522572511495
2016-09-24 00:00:00+02:00,27.932536981570674
2016-09-25 00:00:00+02:00,22.613108953430807
2016-09-26 00:00:00+02:00,33.70802781818508
2016-09-27 00:00:00+02:00,33.574338280387344
2016-09-28 00:00:00+02:00,23.415588825835574
2016-09-29 00:00:00+02:00,23.89178536227507
2016-09-30 00:00:00+02:00,31.9480089246115
2016-10-01 00:00:00+02:00,30.938896131667928
2016-10-02 00:00:00+02:00,27.58549292220313
2016-10-03 00:00:00+02:00,31.223765254171095
2016-10-04 00:00:00+02:00,30.73856036795831
2016-10-05 00:00:00+02:00,30.83532284566419
2016-10-06 00:00:00+02:00,32.86211328235351
2016-10-07 00:00:00+02:00,37.72936480688651
2016-10-08 00:00:00+02:00,35.43471387723326
2016-10-09 00:00:00+02:00,32.935830007684395
2016-10-10 00:00:00+02:00,44.599135662159505
2016-10-11 00:00:00+02:00,38.64813376669016
2016-10-12 00:00:00+02:00,34.727193648863214
2016-10-13 00:00:00+02:00,31.750888102410908
2016-10-14 00:00:00+02:00,28.83300894815791
2016-10-15 00:00:00+02:00,30.553161867688118
2016-10-16 00:00:00+02:00,31.168202777130492
2016-10-17 00:00:00+02:00,42.139556072531946
2016-10-18 00:00:00+02:00,39.74719443076447
2016-10-19 00:00:00+02:00,40.28338435465971
2016-10-20 00:00:00+02:00,39.868550327993546
2016-10-21 00:00:00+02:00,40.39973273830839
2016-10-22 00:00:00+02:00,35.86231437580715
2016-10-23 00:00:00+02:00,34.7967001607773
2016-10-24 00:00:00+02:00,41.15082438939155
2016-10-25 00:00:00+02:00,46.65983623434119
2016-10-26 00:00:00+02:00,43.40698772982583
2016-10-27 00:00:00+02:00,39.02925794802393
2016-10-28 00:00:00+02:00,34.28232853460221
2016-10-29 00:00:00+02:00,34.92133897281328
2016-10-30 00:00:00+02:00,36.31386185496696
2016-10-31 00:00:00+01:00,42.13347691728608
2016-11-01 00:00:00+01:00,34.71843994402612
2016-11-02 00:00:00+01:00,32.551626546716356
2016-11-03 00:00:00+01:00,43.40640057968611
2016-11-04 00:00:00+01:00,42.01134989919999
2016-11-05 00:00:00+01:00,41.70150530711813
2016-11-06 00:00:00+01:00,38.57865272319329
2016-11-07 00:00:00+01:00,46.45290405409185
2016-11-08 00:00:00+01:00,50.66159708542798
2016-11-09 00:00:00+01:00,51.35545638853615
2016-11-10 00:00:00+01:00,50.29251129332732
2016-11-11 00:00:00+01:00,50.190560183701876
2016-11-12 00:00:00+01:00,41.053385037833955
2016-11-13 00:00:00+01:00,38.11070833283536
2016-11-14 00:00:00+01:00,43.14697357784896
2016-11-15 00:00:00+01:00,39.07248571114729
2016-11-16 00:00:00+01:00,38.24159870030818
2016-11-17 00:00:00+01:00,37.4531204408956
2016-11-18 00:00:00+01:00,28.329484241593907
2016-11-19 00:00:00+01:00,29.465806000572595
2016-11-20 00:00:00+01:00,3.75501598673565
2016-11-21 00:00:00+01:00,34.38953093802216
2016-11-22 00:00:00+01:00,38.639661860496325
2016-11-23 00:00:00+01:00,44.5539178879113
2016-11-24 00:00:00+01:00,40.495950087665406
2016-11-25 00:00:00+01:00,41.059056616205844
2016-11-26 00:00:00+01:00,37.769222510577045
2016-11-27 00:00:00+01:00,29.168470370861215
2016-11-28 00:00:00+01:00,41.943298606519996
2016-11-29 00:00:00+01:00,41.77106897037405
2016-11-30 00:00:00+01:00,32.83159536336037
2016-12-01 00:00:00+01:00,26.94552144049764
2016-12-02 00:00:00+01:00,35.767172623205106
2016-12-03 00:00:00+01:00,39.07241430337104
2016-12-04 00:00:00+01:00,36.689091327350916
2016-12-05 00:00:00+01:00,45.358120106584614
2016-12-06 00:00:00+01:00,47.152928653524015
2016-12-07 00:00:00+01:00,41.606731845533005
2016-12-08 00:00:00+01:00,29.65449673972604
2016-12-09 00:00:00+01:00,35.53400378377256
2016-12-10 00:00:00+01:00,30.924111646591186
2016-12-11 00:00:00+01:00,26.173992949361647
2016-12-12 00:00:00+01:00,43.13994643801532
2016-12-13 00:00:00+01:00,48.406107377098955
2016-12-14 00:00:00+01:00,53.03282825810746
2016-12-15 00:00:00+01:00,46.39731222188106
2016-12-16 00:00:00+01:00,51.620825216820826
2016-12-17 00:00:00+01:00,45.80672086874585
2016-12-18 00:00:00+01:00,35.60878965191488
2016-12-19 00:00:00+01:00,57.14850754035272
2016-12-20 00:00:00+01:00,54.122987848568584
2016-12-21 00:00:00+01:00,40.61470189114759
2016-12-22 00:00:00+01:00,40.835878421610595
2016-12-23 00:00:00+01:00,36.71201648619857
2016-12-24 00:00:00+01:00,14.144197092398647
2016-12-25 00:00:00+01:00,0.8712836349179159
2016-12-26 00:00:00+01:00,8.127753559608832
2016-12-27 00:00:00+01:00,20.528014556661763
2016-12-28 00:00:00+01:00,36.165658584128344
2016-12-29 00:00:00+01:00,45.28236238923946
2016-12-30 00:00:00+01:00,42.41751775162322
2016-12-31 00:00:00+01:00,35.24687110742985
2017-01-01 00:00:00+01:00,24.22652628375707
2017-01-02 00:00:00+01:00,42.70160443148609
2017-01-03 00:00:00+01:00,37.56575318619175
2017-01-04 00:00:00+01:00,31.54724503096524
2017-01-05 00:00:00+01:00,47.62537979704106
2017-01-06 00:00:00+01:00,45.94750891614663
2017-01-07 00:00:00+01:00,41.59579084911293
2017-01-08 00:00:00+01:00,39.496446871297884
2017-01-09 00:00:00+01:00,48.63582087029126
2017-01-10 00:00:00+01:00,51.03523003921023
2017-01-11 00:00:00+01:00,39.59009385408094
2017-01-12 00:00:00+01:00,36.64567997245372
2017-01-13 00:00:00+01:00,40.052811282387786
2017-01-14 00:00:00+01:00,34.94436294845135
2017-01-15 00:00:00+01:00,38.03562996008012
2017-01-16 00:00:00+01:00,70.20093528727234
2017-01-17 00:00:00+01:00,82.99786624724625
2017-01-18 00:00:00+01:00,79.98999564986572
2017-01-19 00:00:00+01:00,74.34183949024573
2017-01-20 00:00:00+01:00,67.05179233991073
2017-01-21 00:00:00+01:00,52.17413486716986
2017-01-22 00:00:00+01:00,46.24614751569592
2017-01-23 00:00:00+01:00,65.15367290289194
2017-01-24 00:00:00+01:00,80.87347990672
2017-01-25 00:00:00+01:00,80.7465818401101
2017-01-26 00:00:00+01:00,52.70212290029511
2017-01-27 00:00:00+01:00,43.9709234424858
2017-01-28 00:00:00+01:00,39.895292611513675
2017-01-29 00:00:00+01:00,33.37126650533024
2017-01-30 00:00:00+01:00,49.17038782993308
2017-01-31 00:00:00+01:00,56.50592843073189
2017-02-01 00:00:00+01:00,51.836335599347144
2017-02-02 00:00:00+01:00,47.84158397893387
2017-02-03 00:00:00+01:00,47.06627509294808
2017-02-04 00:00:00+01:00,41.53082001565293
2017-02-05 00:00:00+01:00,41.031781784520206
2017-02-06 00:00:00+01:00,59.20569661376445
2017-02-07 00:00:00+01:00,58.392552123857655
2017-02-08 00:00:00+01:00,60.0937256552005
2017-02-09 00:00:00+01:00,60.744171993892714
2017-02-10 00:00:00+01:00,47.50116448105475
2017-02-11 00:00:00+01:00,38.75717649643085
2017-02-12 00:00:00+01:00,35.95850629037072
2017-02-13 00:00:00+01:00,46.454160077196896
2017-02-14 00:00:00+01:00,45.559210907478416
2017-02-15 00:00:00+01:00,47.19584471902052
2017-02-16 00:00:00+01:00,40.76175840298679
2017-02-17 00:00:00+01:00,41.0359737706763
2017-02-18 00:00:00+01:00,42.0267526765044
2017-02-19 00:00:00+01:00,32.04600237910084
2017-02-20 00:00:00+01:00,32.9769272065451
2017-02-21 00:00:00+01:00,30.676908822881174
2017-02-22 00:00:00+01:00,23.7659547832917
2017-02-23 00:00:00+01:00,27.953445389249836
2017-02-24 00:00:00+01:00,28.622327475578775
2017-02-25 00:00:00+01:00,31.033778532877268
2017-02-26 00:00:00+01:00,17.01998189186799
2017-02-27 00:00:00+01:00,30.228826306850095
2017-02-28 00:00:00+01:00,27.94066830698573
2017-03-01 00:00:00+01:00,35.31035472831774
2017-03-02 00:00:00+01:00,27.51978373473622
2017-03-03 00:00:00+01:00,37.97076820635984
2017-03-04 00:00:00+01:00,32.81492167803449
2017-03-05 00:00:00+01:00,19.318530448375476
2017-03-06 00:00:00+01:00,39.43359232172327
2017-03-07 00:00:00+01:00,42.79424205767901
2017-03-08 00:00:00+01:00,37.42647889893427
2017-03-09 00:00:00+01:00,37.25075121448304
2017-03-10 00:00:00+01:00,34.136284790559515
2017-03-11 00:00:00+01:00,34.039553717445806
2017-03-12 00:00:00+01:00,25.098940791939167
2017-03-13 00:00:00+01:00,38.36980493162134
2017-03-14 00:00:00+01:00,34.78769538895665
2017-03-15 00:00:00+01:00,32.11873026582113
2017-03-16 00:00:00+01:00,33.9834939209015
2017-03-17 00:00:00+01:00,29.130033845984496
2017-03-18 00:00:00+01:00,20.55041554144727
2017-03-19 00:00:00+01:00,13.77176230847554
2017-03-20 00:00:00+01:00,29.57662095728371
2017-03-21 00:00:00+01:00,28.437985796918294
2017-03-22 00:00:00+01:00,36.99509495454401
2017-03-23 00:00:00+01:00,35.29554936531943
2017-03-24 00:00:00+01:00,33.894078604989105
2017-03-25 00:00:00+01:00,26.298884319639882
2017-03-26 00:00:00+01:00,21.380128920034473
2017-03-27 00:00:00+02:00,33.66902055066428
2017-03-28 00:00:00+02:00,34.26408608301748
2017-03-29 00:00:00+02:00,30.21503179807681
2017-03-30 00:00:00+02:00,33.38016925085315
2017-03-31 00:00:00+02:00,31.165681752721422
2017-04-01 00:00:00+02:00,29.160090431476814
2017-04-02 00:00:00+02:00,23.812628479138734
2017-04-03 00:00:00+02:00,35.47625425143742
2017-04-04 00:00:00+02:00,38.06870511910386
2017-04-05 00:00:00+02:00,33.92606972227769
2017-04-06 00:00:00+02:00,28.987391945209215
2017-04-07 00:00:00+02:00,31.111263393393312
2017-04-08 00:00:00+02:00,32.07295456715233
2017-04-09 00:00:00+02:00,25.7634797253706
2017-04-10 00:00:00+02:00,29.38912395923973
2017-04-11 00:00:00+02:00,30.414855941087396
2017-04-12 00:00:00+02:00,28.0782126005128
2017-04-13 00:00:00+02:00,28.516341454312137
2017-04-14 00:00:00+02:00,28.710046051305127
2017-04-15 00:00:00+02:00,19.539172116329997
2017-04-16 00:00:00+02:00,11.480568651266395
2017-04-17 00:00:00+02:00,20.253836034834556
2017-04-18 00:00:00+02:00,31.435277198876577
2017-04-19 00:00:00+02:00,36.02545309846922
2017-04-20 00:00:00+02:00,38.097076890070895
2017-04-21 00:00:00+02:00,29.433592820963398
2017-04-22 00:00:00+02:00,13.853402850733637
2017-04-23 00:00:00+02:00,13.734186751713628
2017-04-24 00:00:00+02:00,29.876391318496246
2017-04-25 00:00:00+02:00,36.61354838605134
2017-04-26 00:00:00+02:00,40.06174817476172
2017-04-27 00:00:00+02:00,38.45336128590161
2017-04-28 00:00:00+02:00,37.89425821681483
2017-04-29 00:00:00+02:00,31.28200675278943
2017-04-30 00:00:00+02:00,8.048007490753202
2017-05-01 00:00:00+02:00,10.19959412211141
2017-05-02 00:00:00+02:00,30.012958148279655
2017-05-03 00:00:00+02:00,33.64883342223185
2017-05-04 00:00:00+02:00,31.36019328690303
2017-05-05 00:00:00+02:00,36.848025230236544
2017-05-06 00:00:00+02:00,31.005693521802854
2017-05-07 00:00:00+02:00,28.072727475444044
2017-05-08 00:00:00+02:00,32.21421718313622
2017-05-09 00:00:00+02:00,38.43731539634015
2017-05-10 00:00:00+02:00,37.51878661316578
2017-05-11 00:00:00+02:00,36.74128931524282
2017-05-12 00:00:00+02:00,33.16695616897764
2017-05-13 00:00:00+02:00,30.172886051422353
2017-05-14 00:00:00+02:00,27.569475587654882
2017-05-15 00:00:00+02:00,36.40414218789028
2017-05-16 00:00:00+02:00,35.38921523924082
2017-05-17 00:00:00+02:00,33.97317769834304
2017-05-18 00:00:00+02:00,32.207350962301895
2017-05-19 00:00:00+02:00,32.97003693469399
2017-05-20 00:00:00+02:00,29.239815861763123
2017-05-21 00:00:00+02:00,25.659277834038637
2017-05-22 00:00:00+02:00,35.95977400251631
2017-05-23 00:00:00+02:00,34.63823801433702
2017-05-24 00:00:00+02:00,29.711522260093236
2017-05-25 00:00:00+02:00,22.452490037620947
2017-05-26 00:00:00+02:00,30.0891373854153
2017-05-27 00:00:00+02:00,26.45439757003793
2017-05-28 00:00:00+02:00,19.981059814469614
2017-05-29 00:00:00+02:00,35.91316583308154
2017-05-30 00:00:00+02:00,35.38073982261662
2017-05-31 00:00:00+02:00,32.72755406665227
2017-06-01 00:00:00+02:00,34.739034618854554
2017-06-02 00:00:00+02:00,36.506801219758735
2017-06-03 00:00:00+02:00,29.2285884376885
2017-06-04 00:00:00+02:00,24.575821689276385
2017-06-05 00:00:00+02:00,25.731600658095797
2017-06-06 00:00:00+02:00,26.80473975618894
2017-06-07 00:00:00+02:00,13.863107997249207
2017-06-08 00:00:00+02:00,27.01687520571481
2017-06-09 00:00:00+02:00,30.48003669675442
2017-06-10 00:00:00+02:00,29.334796548845446
2017-06-11 00:00:00+02:00,21.462214107493168
2017-06-12 00:00:00+02:00,26.506044230754174
2017-06-13 00:00:00+02:00,29.313600852030785
2017-06-14 00:00:00+02:00,35.78625269886719
2017-06-15 00:00:00+02:00,31.267462268723335
2017-06-16 00:00:00+02:00,28.796360554130356
2017-06-17 00:00:00+02:00,23.33440313263786
2017-06-18 00:00:00+02:00,23.80484211406466
2017-06-19 00:00:00+02:00,34.13685977095602
2017-06-20 00:00:00+02:00,36.16884495716585
2017-06-21 00:00:00+02:00,38.52878252825058
2017-06-22 00:00:00+02:00,35.972440849191116
2017-06-23 00:00:00+02:00,29.05595979340075
2017-06-24 00:00:00+02:00,24.597056202998175
2017-06-25 00:00:00+02:00,20.231380639110792
2017-06-26 00:00:00+02:00,32.78771992439423
2017-06-27 00:00:00+02:00,36.66222163394461
2017-06-28 00:00:00+02:00,33.808624370625544
2017-06-29 00:00:00+02:00,36.64482697189252
2017-06-30 00:00:00+02:00,30.66063382975022
2017-07-01 00:00:00+02:00,25.589573164252002
2017-07-02 00:00:00+02:00,20.820571250074988
2017-07-03 00:00:00+02:00,33.42728421399932
2017-07-04 00:00:00+02:00,34.131739249649364
2017-07-05 00:00:00+02:00,37.13110012465723
2017-07-06 00:00:00+02:00,38.00267773080092
2017-07-07 00:00:00+02:00,38.423157468118255
2017-07-08 00:00:00+02:00,32.737432454792064
2017-07-09 00:00:00+02:00,31.831165874332527
2017-07-10 00:00:00+02:00,38.45897317341859
2017-07-11 00:00:00+02:00,39.490212863649404
2017-07-12 00:00:00+02:00,35.50406824190491
2017-07-13 00:00:00+02:00,32.49909051679944
2017-07-14 00:00:00+02:00,35.43259539048046
2017-07-15 00:00:00+02:00,33.10414119849437
2017-07-16 00:00:00+02:00,28.86778962203432
2017-07-17 00:00:00+02:00,38.329171973227645
2017-07-18 00:00:00+02:00,37.98163203064394
2017-07-19 00:00:00+02:00,36.067962809546756
2017-07-20 00:00:00+02:00,36.762365928859836
2017-07-21 00:00:00+02:00,35.464445743440486
2017-07-22 00:00:00+02:00,32.387445015600164
2017-07-23 00:00:00+02:00,29.82519191210355
2017-07-24 00:00:00+02:00,39.21659541180144
2017-07-25 00:00:00+02:00,35.23751747213925
2017-07-26 00:00:00+02:00,34.29136239702207
2017-07-27 00:00:00+02:00,33.822558479024416
2017-07-28 00:00:00+02:00,30.987692673703375
2017-07-29 00:00:00+02:00,25.219048416091486
2017-07-30 00:00:00+02:00,17.504092631405975
2017-07-31 00:00:00+02:00,34.61734802975683
2017-08-01 00:00:00+02:00,34.73512410497634
2017-08-02 00:00:00+02:00,34.691658527653296
2017-08-03 00:00:00+02:00,28.97054577487184
2017-08-04 00:00:00+02:00,22.7279635307476
2017-08-05 00:00:00+02:00,27.062302780979792
2017-08-06 00:00:00+02:00,23.380979772363776
2017-08-07 00:00:00+02:00,32.348354262793535
2017-08-08 00:00:00+02:00,32.55627974822192
2017-08-09 00:00:00+02:00,29.096898781204477
2017-08-10 00:00:00+02:00,34.42390161112043
2017-08-11 00:00:00+02:00,35.59142802223732
2017-08-12 00:00:00+02:00,25.088498940615025
2017-08-13 00:00:00+02:00,23.253114122111285
2017-08-14 00:00:00+02:00,33.58296244965074
2017-08-15 00:00:00+02:00,27.401244604732636
2017-08-16 00:00:00+02:00,34.4673326101361
2017-08-17 00:00:00+02:00,33.00764871799625
2017-08-18 00:00:00+02:00,32.28715697260955
2017-08-19 00:00:00+02:00,15.75729772916924
2017-08-20 00:00:00+02:00,12.728096234209898
2017-08-21 00:00:00+02:00,34.45002759572143
2017-08-22 00:00:00+02:00,35.1721638618073
2017-08-23 00:00:00+02:00,36.82510162078555
2017-08-24 00:00:00+02:00,35.087775194571314
2017-08-25 00:00:00+02:00,37.251101798783104
2017-08-26 00:00:00+02:00,32.35927391744147
2017-08-27 00:00:00+02:00,27.0752819059979
2017-08-28 00:00:00+02:00,38.58199427390445
2017-08-29 00:00:00+02:00,36.77281396550139
2017-08-30 00:00:00+02:00,36.578393929201624
2017-08-31 00:00:00+02:00,37.66271909455728
2017-09-01 00:00:00+02:00,40.076106392620936
2017-09-02 00:00:00+02:00,33.324084709691995
2017-09-03 00:00:00+02:00,29.313438189088185
2017-09-04 00:00:00+02:00,38.57502269268984
2017-09-05 00:00:00+02:00,37.97578187814168
2017-09-06 00:00:00+02:00,35.23948885248059
2017-09-07 00:00:00+02:00,33.20947552763576
2017-09-08 00:00:00+02:00,29.244959960659276
2017-09-09 00:00:00+02:00,29.287860440954955
2017-09-10 00:00:00+02:00,27.893679200404772
2017-09-11 00:00:00+02:00,30.03675025380412
2017-09-12 00:00:00+02:00,29.213665916574854
2017-09-13 00:00:00+02:00,15.7404467833419
2017-09-14 00:00:00+02:00,22.03590371481536
2017-09-15 00:00:00+02:00,32.94579225788146
2017-09-16 00:00:00+02:00,35.27529505045165
2017-09-17 00:00:00+02:00,32.952651379069444
2017-09-18 00:00:00+02:00,40.56500269672234
2017-09-19 00:00:00+02:00,42.1928267172577
2017-09-20 00:00:00+02:00,39.55867395232345
2017-09-21 00:00:00+02:00,39.32779775000673
2017-09-22 00:00:00+02:00,39.80772764192428
2017-09-23 00:00:00+02:00,36.2201158149623
2017-09-24 00:00:00+02:00,33.65280738631345
2017-09-25 00:00:00+02:00,41.17009389726761
2017-09-26 00:00:00+02:00,39.90033882553758
2017-09-27 00:00:00+02:00,38.75126118766625
2017-09-28 00:00:00+02:00,38.80425746306154
2017-09-29 00:00:00+02:00,40.025776896176176
2017-09-30 00:00:00+02:00,34.789696480007535
2017-10-01 00:00:00+02:00,29.319997438856007
2017-10-02 00:00:00+02:00,25.261933390039648
2017-10-03 00:00:00+02:00,20.08419285156503
2017-10-04 00:00:00+02:00,27.327348034703366
2017-10-05 00:00:00+02:00,20.41441159038756
2017-10-06 00:00:00+02:00,27.630706698714977
2017-10-07 00:00:00+02:00,21.238402682168715
2017-10-08 00:00:00+02:00,25.563498093498183
2017-10-09 00:00:00+02:00,43.21181782496719
2017-10-10 00:00:00+02:00,37.250898153133555
2017-10-11 00:00:00+02:00,31.633025056517095
2017-10-12 00:00:00+02:00,27.642052670108914
2017-10-13 00:00:00+02:00,38.76329994756177
2017-10-14 00:00:00+02:00,30.12527884978171
2017-10-15 00:00:00+02:00,29.76456306202684
2017-10-16 00:00:00+02:00,40.63880883428656
2017-10-17 00:00:00+02:00,37.98451278690201
2017-10-18 00:00:00+02:00,45.96897355945395
2017-10-19 00:00:00+02:00,45.84580582369691
2017-10-20 00:00:00+02:00,37.57528609325994
2017-10-21 00:00:00+02:00,33.11700188727314
2017-10-22 00:00:00+02:00,21.321447406189506
2017-10-23 00:00:00+02:00,43.1400597296086
2017-10-24 00:00:00+02:00,41.046361222439124
2017-10-25 00:00:00+02:00,34.840664252560416
2017-10-26 00:00:00+02:00,37.657899514210015
2017-10-27 00:00:00+02:00,31.03367694761164
2017-10-28 00:00:00+02:00,7.444266164311379
2017-10-29 00:00:00+02:00,-20.7924198397262
2017-10-30 00:00:00+01:00,33.2419674092836
2017-10-31 00:00:00+01:00,34.39309008380253
2017-11-01 00:00:00+01:00,30.860937118845396
2017-11-02 00:00:00+01:00,36.81081903205673
2017-11-03 00:00:00+01:00,49.300615438377584
2017-11-04 00:00:00+01:00,36.173924874311005
2017-11-05 00:00:00+01:00,32.59342432341984
2017-11-06 00:00:00+01:00,49.956363366175786
2017-11-07 00:00:00+01:00,49.98239849070191
2017-11-08 00:00:00+01:00,56.690736989268345
2017-11-09 00:00:00+01:00,50.331260269072914
2017-11-10 00:00:00+01:00,29.772544175496666
2017-11-11 00:00:00+01:00,22.728509760506537
2017-11-12 00:00:00+01:00,32.53779569369368
2017-11-13 00:00:00+01:00,48.29129116862533
2017-11-14 00:00:00+01:00,45.03288762842124
2017-11-15 00:00:00+01:00,60.2623170653192
2017-11-16 00:00:00+01:00,52.03422230902967
2017-11-17 00:00:00+01:00,43.730492346240204
2017-11-18 00:00:00+01:00,20.46040150012533
2017-11-19 00:00:00+01:00,-7.232784662927013
2017-11-20 00:00:00+01:00,39.51734157788196
2017-11-21 00:00:00+01:00,46.99204899503476
2017-11-22 00:00:00+01:00,32.84070201392456
2017-11-23 00:00:00+01:00,25.42741893718858
2017-11-24 00:00:00+01:00,38.85683708855915
2017-11-25 00:00:00+01:00,38.188712917234334
2017-11-26 00:00:00+01:00,15.2335999123909
2017-11-27 00:00:00+01:00,32.76559133340719
2017-11-28 00:00:00+01:00,38.910600080208354
2017-11-29 00:00:00+01:00,63.043509463980136
2017-11-30 00:00:00+01:00,73.0565108959823
2017-12-01 00:00:00+01:00,66.73660302180478
2017-12-02 00:00:00+01:00,43.58827191173665
2017-12-03 00:00:00+01:00,30.066875323645906
2017-12-04 00:00:00+01:00,30.76835583001514
2017-12-05 00:00:00+01:00,34.39447157406003
2017-12-06 00:00:00+01:00,30.840939239305772
2017-12-07 00:00:00+01:00,30.041933999228196
2017-12-08 00:00:00+01:00,35.9167619730298
2017-12-09 00:00:00+01:00,25.128808630668292
2017-12-10 00:00:00+01:00,15.546762008164707
2017-12-11 00:00:00+01:00,44.52507883748542
2017-12-12 00:00:00+01:00,38.997360101468246
2017-12-13 00:00:00+01:00,30.663568975885614
2017-12-14 00:00:00+01:00,30.45255475033159
2017-12-15 00:00:00+01:00,46.12021181829403
2017-12-16 00:00:00+01:00,36.440749748652486
2017-12-17 00:00:00+01:00,33.18982085395298
2017-12-18 00:00:00+01:00,46.56046805516578
2017-12-19 00:00:00+01:00,58.60989828101487
2017-12-20 00:00:00+01:00,58.348201581016546
2017-12-21 00:00:00+01:00,46.28648338400405
2017-12-22 00:00:00+01:00,36.229232281085125
2017-12-23 00:00:00+01:00,12.540994616599406
2017-12-24 00:00:00+01:00,-9.927351883267288
2017-12-25 00:00:00+01:00,2.6369007488227316
2017-12-26 00:00:00+01:00,3.390094685568258
2017-12-27 00:00:00+01:00,27.329482161793578
2017-12-28 00:00:00+01:00,31.623058579195952
2017-12-29 00:00:00+01:00,24.751484650978526
2017-12-30 00:00:00+01:00,12.230329169238175
2017-12-31 00:00:00+01:00,-3.530451832561514
2018-01-01 00:00:00+01:00,2.6759590444183203
2018-01-02 00:00:00+01:00,36.198878826967494
2018-01-03 00:00:00+01:00,19.954126655673395
2018-01-04 00:00:00+01:00,25.760896336852486
2018-01-05 00:00:00+01:00,31.649603457252848
2018-01-06 00:00:00+01:00,31.31287318895009
2018-01-07 00:00:00+01:00,22.480546425004416
2018-01-08 00:00:00+01:00,39.36014490446994
2018-01-09 00:00:00+01:00,32.16218255159956
2018-01-10 00:00:00+01:00,43.668549280333224
2018-01-11 00:00:00+01:00,47.88124960690308
2018-01-12 00:00:00+01:00,45.359727217454854
2018-01-13 00:00:00+01:00,35.35783776154183
2018-01-14 00:00:00+01:00,29.180633334168416
2018-01-15 00:00:00+01:00,26.376072633885855
2018-01-16 00:00:00+01:00,24.56230363829705
2018-01-17 00:00:00+01:00,28.18028314711447
2018-01-18 00:00:00+01:00,29.02780404990328
2018-01-19 00:00:00+01:00,38.22560137506364
2018-01-20 00:00:00+01:00,35.527435487419275
2018-01-21 00:00:00+01:00,32.57637628007119
2018-01-22 00:00:00+01:00,39.65784102046542
2018-01-23 00:00:00+01:00,36.70292840145081
2018-01-24 00:00:00+01:00,26.157422683172886
2018-01-25 00:00:00+01:00,34.25851352665534
2018-01-26 00:00:00+01:00,40.53313541429589
2018-01-27 00:00:00+01:00,31.792055768539417
2018-01-28 00:00:00+01:00,13.844872398841899
2018-01-29 00:00:00+01:00,20.373847377247294
2018-01-30 00:00:00+01:00,29.413176706091523
2018-01-31 00:00:00+01:00,30.95671328595924
2018-02-01 00:00:00+01:00,31.179563883492147
2018-02-02 00:00:00+01:00,39.588714499693
2018-02-03 00:00:00+01:00,38.20026540652049
2018-02-04 00:00:00+01:00,28.246247310145048
2018-02-05 00:00:00+01:00,45.4382003985863
2018-02-06 00:00:00+01:00,48.53284059058194
2018-02-07 00:00:00+01:00,49.41926898182208
2018-02-08 00:00:00+01:00,47.78383430842661
2018-02-09 00:00:00+01:00,43.030586954589374
2018-02-10 00:00:00+01:00,37.5066257584539
2018-02-11 00:00:00+01:00,16.572408674279583
2018-02-12 00:00:00+01:00,33.658258840105084
2018-02-13 00:00:00+01:00,38.61724009781528
2018-02-14 00:00:00+01:00,40.43158592417617
2018-02-15 00:00:00+01:00,35.395130551640044
2018-02-16 00:00:00+01:00,37.56407472603035
2018-02-17 00:00:00+01:00,38.22587578285094
2018-02-18 00:00:00+01:00,29.66475017723812
2018-02-19 00:00:00+01:00,43.98508558877932
2018-02-20 00:00:00+01:00,46.39259512434288
2018-02-21 00:00:00+01:00,47.37742852260346
2018-02-22 00:00:00+01:00,46.188663357594805
2018-02-23 00:00:00+01:00,44.756010160166426
2018-02-24 00:00:00+01:00,30.14892022209482
2018-02-25 00:00:00+01:00,32.35515996651102
2018-02-26 00:00:00+01:00,49.33460812584833
2018-02-27 00:00:00+01:00,52.16438484675846
2018-02-28 00:00:00+01:00,41.12372723035035
2018-03-01 00:00:00+01:00,34.88105110385496
2018-03-02 00:00:00+01:00,39.46523293510346
2018-03-03 00:00:00+01:00,36.57241952545497
2018-03-04 00:00:00+01:00,32.911514220763344
2018-03-05 00:00:00+01:00,48.414245169532386
2018-03-06 00:00:00+01:00,54.95050987467837
2018-03-07 00:00:00+01:00,49.010839203678366
2018-03-08 00:00:00+01:00,38.90149622479482
2018-03-09 00:00:00+01:00,35.39364229284441
2018-03-10 00:00:00+01:00,35.400455179189784
2018-03-11 00:00:00+01:00,27.610918582301
2018-03-12 00:00:00+01:00,40.484434497118286
2018-03-13 00:00:00+01:00,38.50526024392075
2018-03-14 00:00:00+01:00,45.3007174506641
2018-03-15 00:00:00+01:00,31.15161248349278
2018-03-16 00:00:00+01:00,25.645597439710983
2018-03-17 00:00:00+01:00,9.883181647989286
2018-03-18 00:00:00+01:00,3.431816160222937
2018-03-19 00:00:00+01:00,44.65740400121276
2018-03-20 00:00:00+01:00,46.158984784264675
2018-03-21 00:00:00+01:00,48.982890206383495
2018-03-22 00:00:00+01:00,43.25655069835901
2018-03-23 00:00:00+01:00,50.51717292197696
2018-03-24 00:00:00+01:00,36.26875296332677
2018-03-25 00:00:00+01:00,35.04127498308033
2018-03-26 00:00:00+02:00,48.10674049897445
2018-03-27 00:00:00+02:00,47.411779350513235
2018-03-28 00:00:00+02:00,38.99782133241214
2018-03-29 00:00:00+02:00,36.63340126457984
2018-03-30 00:00:00+02:00,30.91380272690577
2018-03-31 00:00:00+02:00,25.18153793050755
2018-04-01 00:00:00+02:00,22.249817676301472
2018-04-02 00:00:00+02:00,25.139039313180202
2018-04-03 00:00:00+02:00,35.5714644744502
2018-04-04 00:00:00+02:00,37.95779153787855
2018-04-05 00:00:00+02:00,30.599256484991688
2018-04-06 00:00:00+02:00,34.80733624757738
2018-04-07 00:00:00+02:00,19.86838145783528
2018-04-08 00:00:00+02:00,25.67936319715345
2018-04-09 00:00:00+02:00,42.04197124713131
2018-04-10 00:00:00+02:00,36.492489091952
2018-04-11 00:00:00+02:00,32.88340537311345
2018-04-12 00:00:00+02:00,30.36092408726493
2018-04-13 00:00:00+02:00,34.591125578451084
2018-04-14 00:00:00+02:00,27.516364245607814
2018-04-15 00:00:00+02:00,29.911215569555964
2018-04-16 00:00:00+02:00,44.45040209777986
2018-04-17 00:00:00+02:00,44.32238176481919
2018-04-18 00:00:00+02:00,41.16416320406805
2018-04-19 00:00:00+02:00,39.2497435310608
2018-04-20 00:00:00+02:00,39.134934354178775
2018-04-21 00:00:00+02:00,30.99406028942416
2018-04-22 00:00:00+02:00,25.128413570244657
2018-04-23 00:00:00+02:00,37.976033726950604
2018-04-24 00:00:00+02:00,33.150375267106476
2018-04-25 00:00:00+02:00,29.77597543389854
2018-04-26 00:00:00+02:00,31.689117440809806
2018-04-27 00:00:00+02:00,35.157098022401506
2018-04-28 00:00:00+02:00,29.87727117822534
2018-04-29 00:00:00+02:00,21.57380873638226
2018-04-30 00:00:00+02:00,21.288280751983713
2018-05-01 00:00:00+02:00,5.306944684226629
2018-05-02 00:00:00+02:00,38.6071952133344
2018-05-03 00:00:00+02:00,41.66381624153176
2018-05-04 00:00:00+02:00,40.36997323935032
2018-05-05 00:00:00+02:00,28.415149930068996
2018-05-06 00:00:00+02:00,19.622985622727356
2018-05-07 00:00:00+02:00,35.07423595103504
2018-05-08 00:00:00+02:00,33.38482165732487
2018-05-09 00:00:00+02:00,34.72891044518732
2018-05-10 00:00:00+02:00,22.149798135144053
2018-05-11 00:00:00+02:00,36.14331544665837
2018-05-12 00:00:00+02:00,31.01482327213381
2018-05-13 00:00:00+02:00,16.84464272257758
2018-05-14 00:00:00+02:00,36.448553193173076
2018-05-15 00:00:00+02:00,38.43020589127603
2018-05-16 00:00:00+02:00,40.678839245663674
2018-05-17 00:00:00+02:00,36.25355820322594
2018-05-18 00:00:00+02:00,38.80404186962475
2018-05-19 00:00:00+02:00,33.253208885769105
2018-05-20 00:00:00+02:00,20.851364659125064
2018-05-21 00:00:00+02:00,10.327669376719252
2018-05-22 00:00:00+02:00,37.543534016782765
2018-05-23 00:00:00+02:00,41.03453391539676
2018-05-24 00:00:00+02:00,38.101767622798064
2018-05-25 00:00:00+02:00,38.77292162617896
2018-05-26 00:00:00+02:00,35.353258610358495
2018-05-27 00:00:00+02:00,25.33697408842339
2018-05-28 00:00:00+02:00,41.1948861037126
2018-05-29 00:00:00+02:00,42.5643167445023
2018-05-30 00:00:00+02:00,45.99802558360204
2018-05-31 00:00:00+02:00,39.616518893247154
2018-06-01 00:00:00+02:00,48.34574382471621
2018-06-02 00:00:00+02:00,40.87846184631227
2018-06-03 00:00:00+02:00,33.324902726266004
2018-06-04 00:00:00+02:00,46.36976306615177
2018-06-05 00:00:00+02:00,49.34287984701183
2018-06-06 00:00:00+02:00,50.60980479134068
2018-06-07 00:00:00+02:00,52.41568432438586
2018-06-08 00:00:00+02:00,51.85469178955224
2018-06-09 00:00:00+02:00,43.22328954923203
2018-06-10 00:00:00+02:00,33.86705960474101
2018-06-11 00:00:00+02:00,48.54587124357053
2018-06-12 00:00:00+02:00,50.22389268270678
2018-06-13 00:00:00+02:00,49.18713835436488
2018-06-14 00:00:00+02:00,45.94715341569926
2018-06-15 00:00:00+02:00,48.76835677536598
2018-06-16 00:00:00+02:00,41.45870815849432
2018-06-17 00:00:00+02:00,30.10808976071414
2018-06-18 00:00:00+02:00,44.53043029637421
2018-06-19 00:00:00+02:00,46.03745266721896
2018-06-20 00:00:00+02:00,47.31908101890585
2018-06-21 00:00:00+02:00,37.12573213304168
2018-06-22 00:00:00+02:00,23.370073721414567
2018-06-23 00:00:00+02:00,21.950680896434605
2018-06-24 00:00:00+02:00,29.02334303155038
2018-06-25 00:00:00+02:00,47.102300735627125
2018-06-26 00:00:00+02:00,49.493432066811685
2018-06-27 00:00:00+02:00,47.20648686050271
2018-06-28 00:00:00+02:00,46.12010569402403
2018-06-29 00:00:00+02:00,45.362130918745095
2018-06-30 00:00:00+02:00,37.810426503273426
2018-07-01 00:00:00+02:00,31.94312464763405
2018-07-02 00:00:00+02:00,49.54965461456052
2018-07-03 00:00:00+02:00,50.9924346189758
2018-07-04 00:00:00+02:00,53.488843171341365
2018-07-05 00:00:00+02:00,51.332448036849335
2018-07-06 00:00:00+02:00,45.93562423819964
2018-07-07 00:00:00+02:00,34.99552964145561
2018-07-08 00:00:00+02:00,33.27105136677975
2018-07-09 00:00:00+02:00,46.5314786536614
2018-07-10 00:00:00+02:00,51.81601630091908
2018-07-11 00:00:00+02:00,53.77376025424377
2018-07-12 00:00:00+02:00,53.21341171891029
2018-07-13 00:00:00+02:00,51.8233940986039
2018-07-14 00:00:00+02:00,46.69388157183199
2018-07-15 00:00:00+02:00,43.695167760679716
2018-07-16 00:00:00+02:00,53.35643272925782
2018-07-17 00:00:00+02:00,53.80682626993945
2018-07-18 00:00:00+02:00,51.37983775336244
2018-07-19 00:00:00+02:00,51.94694827809625
2018-07-20 00:00:00+02:00,53.05832035256562
2018-07-21 00:00:00+02:00,47.9207976951216
2018-07-22 00:00:00+02:00,44.69706557817673
2018-07-23 00:00:00+02:00,53.28835681041962
2018-07-24 00:00:00+02:00,55.24784383054837
2018-07-25 00:00:00+02:00,57.70555446712685
2018-07-26 00:00:00+02:00,57.14847978401023
2018-07-27 00:00:00+02:00,52.636505276972024
2018-07-28 00:00:00+02:00,44.016981167827026
2018-07-29 00:00:00+02:00,40.49535815184174
2018-07-30 00:00:00+02:00,53.22425235583589
2018-07-31 00:00:00+02:00,57.51682928270631
2018-08-01 00:00:00+02:00,57.59914482434854
2018-08-02 00:00:00+02:00,57.74860867937809
2018-08-03 00:00:00+02:00,60.162282193874965
2018-08-04 00:00:00+02:00,53.264545868158244
2018-08-05 00:00:00+02:00,46.056545255945146
2018-08-06 00:00:00+02:00,63.01221434037358
2018-08-07 00:00:00+02:00,63.0365074240423
2018-08-08 00:00:00+02:00,57.6664309056444
2018-08-09 00:00:00+02:00,56.82608919327504
2018-08-10 00:00:00+02:00,41.68376382833388
2018-08-11 00:00:00+02:00,43.41002987041433
2018-08-12 00:00:00+02:00,46.18920985159759
2018-08-13 00:00:00+02:00,55.552990790891805
2018-08-14 00:00:00+02:00,53.80294757314596
2018-08-15 00:00:00+02:00,52.843283897101536
2018-08-16 00:00:00+02:00,55.70442016711434
2018-08-17 00:00:00+02:00,56.93948371402092
2018-08-18 00:00:00+02:00,49.299923257998834
2018-08-19 00:00:00+02:00,48.422688198109135
2018-08-20 00:00:00+02:00,58.536089862436995
2018-08-21 00:00:00+02:00,62.09168908940575
2018-08-22 00:00:00+02:00,63.554913005989484
2018-08-23 00:00:00+02:00,63.79119381077572
2018-08-24 00:00:00+02:00,57.990288410534646
2018-08-25 00:00:00+02:00,53.000642554565054
2018-08-26 00:00:00+02:00,49.91461486897855
2018-08-27 00:00:00+02:00,53.72213095786782
2018-08-28 00:00:00+02:00,62.02472673571672
2018-08-29 00:00:00+02:00,66.10467657155884
2018-08-30 00:00:00+02:00,57.296675162226016
2018-08-31 00:00:00+02:00,63.771379204474805
2018-09-01 00:00:00+02:00,60.37252867565076
2018-09-02 00:00:00+02:00,54.50845351369872
2018-09-03 00:00:00+02:00,61.30885150601204
2018-09-04 00:00:00+02:00,66.44273572952254
2018-09-05 00:00:00+02:00,66.11511044844413
2018-09-06 00:00:00+02:00,65.5303545102495
2018-09-07 00:00:00+02:00,63.14860126093205
2018-09-08 00:00:00+02:00,52.259827448828865
2018-09-09 00:00:00+02:00,51.060776905004815
2018-09-10 00:00:00+02:00,63.775521785716045
2018-09-11 00:00:00+02:00,58.90804094969942
2018-09-12 00:00:00+02:00,62.849816174983744
2018-09-13 00:00:00+02:00,69.03126684297446
2018-09-14 00:00:00+02:00,65.87561290230012
2018-09-15 00:00:00+02:00,52.648617687576795
2018-09-16 00:00:00+02:00,46.59760747702955
2018-09-17 00:00:00+02:00,61.434144050619096
2018-09-18 00:00:00+02:00,57.76419595749608
2018-09-19 00:00:00+02:00,59.455131226436585
2018-09-20 00:00:00+02:00,58.83164206486219
2018-09-21 00:00:00+02:00,42.39226733399927
2018-09-22 00:00:00+02:00,35.76476865971874
2018-09-23 00:00:00+02:00,46.74535745866316
2018-09-24 00:00:00+02:00,43.3527447114003
2018-09-25 00:00:00+02:00,58.642987875087876
2018-09-26 00:00:00+02:00,56.96038022650436
2018-09-27 00:00:00+02:00,53.86462318818383
2018-09-28 00:00:00+02:00,53.108077624848285
2018-09-29 00:00:00+02:00,49.21991252892945
2018-09-30 00:00:00+02:00,48.35667723906701
2018-10-01 00:00:00+02:00,60.86711780263576
2018-10-02 00:00:00+02:00,49.03952031893846
2018-10-03 00:00:00+02:00,24.28120031729577
2018-10-04 00:00:00+02:00,66.61830383683466
2018-10-05 00:00:00+02:00,63.21140493072999
2018-10-06 00:00:00+02:00,53.64311055833832
2018-10-07 00:00:00+02:00,49.86440884304588
2018-10-08 00:00:00+02:00,63.11745525362905
2018-10-09 00:00:00+02:00,66.5362002884858
2018-10-10 00:00:00+02:00,64.32247944730706
2018-10-11 00:00:00+02:00,53.23740713170677
2018-10-12 00:00:00+02:00,58.99832108167427
2018-10-13 00:00:00+02:00,47.75911901598911
2018-10-14 00:00:00+02:00,38.243388511010956
2018-10-15 00:00:00+02:00,62.87061321035014
2018-10-16 00:00:00+02:00,71.79084581145136
2018-10-17 00:00:00+02:00,72.90839248790199
2018-10-18 00:00:00+02:00,66.50161872262792
2018-10-19 00:00:00+02:00,68.56383205100273
2018-10-20 00:00:00+02:00,58.687061551223245
2018-10-21 00:00:00+02:00,52.81687247512056
2018-10-22 00:00:00+02:00,60.33471643189691
2018-10-23 00:00:00+02:00,36.225339813800225
2018-10-24 00:00:00+02:00,34.66040993344916
2018-10-25 00:00:00+02:00,51.37607653982759
2018-10-26 00:00:00+02:00,57.46877563787422
2018-10-27 00:00:00+02:00,52.308718737798934
2018-10-28 00:00:00+02:00,43.9657659576803
2018-10-29 00:00:00+01:00,48.6753696861987
2018-10-30 00:00:00+01:00,31.29593038896782
2018-10-31 00:00:00+01:00,46.930220757976976
2018-11-01 00:00:00+01:00,50.98282585356656
2018-11-02 00:00:00+01:00,55.63096865771333
2018-11-03 00:00:00+01:00,55.0119211577074
2018-11-04 00:00:00+01:00,50.94138870721283
2018-11-05 00:00:00+01:00,61.07800083687397
2018-11-06 00:00:00+01:00,57.847080545061914
2018-11-07 00:00:00+01:00,57.665539097369845
2018-11-08 00:00:00+01:00,63.280128733805775
2018-11-09 00:00:00+01:00,58.93516525079766
2018-11-10 00:00:00+01:00,42.09488321306081
2018-11-11 00:00:00+01:00,40.12753623581158
2018-11-12 00:00:00+01:00,56.5360696380765
2018-11-13 00:00:00+01:00,49.67769544856765
2018-11-14 00:00:00+01:00,64.39300394094471
2018-11-15 00:00:00+01:00,65.04391354100645
2018-11-16 00:00:00+01:00,58.12950444562939
2018-11-17 00:00:00+01:00,49.228964624999385
2018-11-18 00:00:00+01:00,47.55687492096941
2018-11-19 00:00:00+01:00,49.49163645348468
2018-11-20 00:00:00+01:00,45.22893848505013
2018-11-21 00:00:00+01:00,57.918861017146234
2018-11-22 00:00:00+01:00,67.7059670648854
2018-11-23 00:00:00+01:00,79.79864114370203
2018-11-24 00:00:00+01:00,61.840365993099574
2018-11-25 00:00:00+01:00,55.866395075538236
2018-11-26 00:00:00+01:00,72.14085123949035
2018-11-27 00:00:00+01:00,78.38366378063353
2018-11-28 00:00:00+01:00,57.35604749578166
2018-11-29 00:00:00+01:00,45.637627281198114
2018-11-30 00:00:00+01:00,56.192851307643956
2018-12-01 00:00:00+01:00,49.57931447778711
2018-12-02 00:00:00+01:00,33.34521260644947
2018-12-03 00:00:00+01:00,48.42860197323395
2018-12-04 00:00:00+01:00,55.98740536134928
2018-12-05 00:00:00+01:00,63.15309739262489
2018-12-06 00:00:00+01:00,53.29025582264911
2018-12-07 00:00:00+01:00,42.76173566701718
2018-12-08 00:00:00+01:00,9.976881922877366
2018-12-09 00:00:00+01:00,11.136409505072047
2018-12-10 00:00:00+01:00,36.196006633419096
2018-12-11 00:00:00+01:00,54.87870731437899
2018-12-12 00:00:00+01:00,70.095091941116
2018-12-13 00:00:00+01:00,71.1469634551125
2018-12-14 00:00:00+01:00,73.02130213536714
2018-12-15 00:00:00+01:00,66.39564997684197
2018-12-16 00:00:00+01:00,54.91739536372466
2018-12-17 00:00:00+01:00,75.500015783253
2018-12-18 00:00:00+01:00,75.5761773307098
2018-12-19 00:00:00+01:00,56.33152956145086
2018-12-20 00:00:00+01:00,60.04872649071391
2018-12-21 00:00:00+01:00,51.68992714032394
2018-12-22 00:00:00+01:00,34.39383900869192
2018-12-23 00:00:00+01:00,39.26178342602553
2018-12-24 00:00:00+01:00,48.787808592840825
2018-12-25 00:00:00+01:00,38.61510591020099
2018-12-26 00:00:00+01:00,39.92509167651658
2018-12-27 00:00:00+01:00,55.48608355880316
2018-12-28 00:00:00+01:00,57.11318262612617
2018-12-29 00:00:00+01:00,40.095878885146696
2018-12-30 00:00:00+01:00,24.857890743560336
2018-12-31 00:00:00+01:00,44.564758515301776
2019-01-01 00:00:00+01:00,5.1484619117131425
2019-01-02 00:00:00+01:00,28.021775808362975
2019-01-03 00:00:00+01:00,57.699948460950885
2019-01-04 00:00:00+01:00,51.345922863937886
2019-01-05 00:00:00+01:00,40.32161111848996
2019-01-06 00:00:00+01:00,49.29185382425953
2019-01-07 00:00:00+01:00,54.13452273514614
2019-01-08 00:00:00+01:00,28.039463139069795
2019-01-09 00:00:00+01:00,45.69501196008181
2019-01-10 00:00:00+01:00,63.85494366030565
2019-01-11 00:00:00+01:00,53.70880389864897
2019-01-12 00:00:00+01:00,39.31855310992143
2019-01-13 00:00:00+01:00,23.195103498965974
2019-01-14 00:00:00+01:00,35.871812658169794
2019-01-15 00:00:00+01:00,42.34598940740408
2019-01-16 00:00:00+01:00,46.77446599240316
2019-01-17 00:00:00+01:00,44.86975862456043
2019-01-18 00:00:00+01:00,61.80112566685853
2019-01-19 00:00:00+01:00,58.66442332750918
2019-01-20 00:00:00+01:00,58.6316048135059
2019-01-21 00:00:00+01:00,71.18179360296972
2019-01-22 00:00:00+01:00,62.8203236835821
2019-01-23 00:00:00+01:00,69.68219726629194
2019-01-24 00:00:00+01:00,76.59156954273435
2019-01-25 00:00:00+01:00,69.8872544431355
2019-01-26 00:00:00+01:00,53.5179959204144
2019-01-27 00:00:00+01:00,37.99033074717669
2019-01-28 00:00:00+01:00,58.2543280782915
2019-01-29 00:00:00+01:00,62.94515905078527
2019-01-30 00:00:00+01:00,54.54938782687072
2019-01-31 00:00:00+01:00,60.143958403219536
2019-02-01 00:00:00+01:00,55.545721150758176
2019-02-02 00:00:00+01:00,52.355722490468075
2019-02-03 00:00:00+01:00,44.77390134813512
2019-02-04 00:00:00+01:00,48.39583616424634
2019-02-05 00:00:00+01:00,49.680598501858846
2019-02-06 00:00:00+01:00,51.236759399451266
2019-02-07 00:00:00+01:00,29.10937938363044
2019-02-08 00:00:00+01:00,38.00036214681264
2019-02-09 00:00:00+01:00,1.547176933278288
2019-02-10 00:00:00+01:00,20.8639082590791
2019-02-11 00:00:00+01:00,29.408258789034818
2019-02-12 00:00:00+01:00,46.61064246879122
2019-02-13 00:00:00+01:00,46.460303200115646
2019-02-14 00:00:00+01:00,50.48523280786092
2019-02-15 00:00:00+01:00,47.0898436105693
2019-02-16 00:00:00+01:00,40.81466495544541
2019-02-17 00:00:00+01:00,37.875267454691844
2019-02-18 00:00:00+01:00,45.08627648281935
2019-02-19 00:00:00+01:00,39.3715071731481
2019-02-20 00:00:00+01:00,44.82707163113537
2019-02-21 00:00:00+01:00,44.241016967742844
2019-02-22 00:00:00+01:00,48.027429096520905
2019-02-23 00:00:00+01:00,40.913602632011155
2019-02-24 00:00:00+01:00,37.81858294246749
2019-02-25 00:00:00+01:00,47.77451508226238
2019-02-26 00:00:00+01:00,46.43703490527048
2019-02-27 00:00:00+01:00,44.40939281250261
2019-02-28 00:00:00+01:00,38.91098139677367
2019-03-01 00:00:00+01:00,44.1672605781496
2019-03-02 00:00:00+01:00,39.62203382692434
2019-03-03 00:00:00+01:00,10.853690258478055
2019-03-04 00:00:00+01:00,15.744933113620213
2019-03-05 00:00:00+01:00,22.11726721179541
2019-03-06 00:00:00+01:00,38.565803699694435
2019-03-07 00:00:00+01:00,30.471503945649236
2019-03-08 00:00:00+01:00,24.29678633303239
2019-03-09 00:00:00+01:00,4.0989050436436125
2019-03-10 00:00:00+01:00,22.06744567698743
2019-03-11 00:00:00+01:00,33.43634275763199
2019-03-12 00:00:00+01:00,37.08793535453133
2019-03-13 00:00:00+01:00,21.368549662726437
2019-03-14 00:00:00+01:00,26.78929427396952
2019-03-15 00:00:00+01:00,26.061091968752226
2019-03-16 00:00:00+01:00,22.625433211887145
2019-03-17 00:00:00+01:00,3.7377471827663786
2019-03-18 00:00:00+01:00,35.29472421503512
2019-03-19 00:00:00+01:00,44.933565418530925
2019-03-20 00:00:00+01:00,42.09587780748122
2019-03-21 00:00:00+01:00,41.90151477994805
2019-03-22 00:00:00+01:00,43.08463476742259
2019-03-23 00:00:00+01:00,36.86329265775675
2019-03-24 00:00:00+01:00,28.723433106528088
2019-03-25 00:00:00+01:00,29.583329723418554
2019-03-26 00:00:00+01:00,37.640903249419274
2019-03-27 00:00:00+01:00,41.35477174920295
2019-03-28 00:00:00+01:00,42.829861621016086
2019-03-29 00:00:00+01:00,39.24078025881735
2019-03-30 00:00:00+01:00,33.40946399786158
2019-03-31 00:00:00+01:00,25.538105316900833
2019-04-01 00:00:00+02:00,35.92918326004406
2019-04-02 00:00:00+02:00,35.528347918169494
2019-04-03 00:00:00+02:00,40.492541798828256
2019-04-04 00:00:00+02:00,41.61480854215905
2019-04-05 00:00:00+02:00,42.45066066555329
2019-04-06 00:00:00+02:00,35.614557529089375
2019-04-07 00:00:00+02:00,34.45197181150832
2019-04-08 00:00:00+02:00,42.33871155959573
2019-04-09 00:00:00+02:00,40.02836729573052
2019-04-10 00:00:00+02:00,41.70276060303984
2019-04-11 00:00:00+02:00,43.95346480978201
2019-04-12 00:00:00+02:00,45.86537021278438
2019-04-13 00:00:00+02:00,41.841296928240794
2019-04-14 00:00:00+02:00,37.56924774935238
2019-04-15 00:00:00+02:00,42.08409272078196
2019-04-16 00:00:00+02:00,41.49128048104425
2019-04-17 00:00:00+02:00,41.50103244876048
2019-04-18 00:00:00+02:00,39.06277477822631
2019-04-19 00:00:00+02:00,29.435986632218953
2019-04-20 00:00:00+02:00,37.994084739993575
2019-04-21 00:00:00+02:00,33.60858127098656
2019-04-22 00:00:00+02:00,9.616562913631688
2019-04-23 00:00:00+02:00,4.47755349907995
2019-04-24 00:00:00+02:00,31.948307324977037
2019-04-25 00:00:00+02:00,38.7417789536372
2019-04-26 00:00:00+02:00,42.272858125154805
2019-04-27 00:00:00+02:00,30.9930660639945
2019-04-28 00:00:00+02:00,32.53026156536437
2019-04-29 00:00:00+02:00,40.63062731244014
2019-04-30 00:00:00+02:00,43.025652576154194
2019-05-01 00:00:00+02:00,26.722454953639126
2019-05-02 00:00:00+02:00,37.15533095042306
2019-05-03 00:00:00+02:00,38.079155253582634
2019-05-04 00:00:00+02:00,35.54454801423231
2019-05-05 00:00:00+02:00,32.21103561119725
2019-05-06 00:00:00+02:00,43.47103203953358
2019-05-07 00:00:00+02:00,47.48566638766184
2019-05-08 00:00:00+02:00,42.138489092566275
2019-05-09 00:00:00+02:00,40.87409151004495
2019-05-10 00:00:00+02:00,45.00115640882054
2019-05-11 00:00:00+02:00,39.54365732143866
2019-05-12 00:00:00+02:00,19.09077647520832
2019-05-13 00:00:00+02:00,39.02481141827981
2019-05-14 00:00:00+02:00,43.567355159228065
2019-05-15 00:00:00+02:00,43.68967229952887
2019-05-16 00:00:00+02:00,41.7388850052142
2019-05-17 00:00:00+02:00,41.74364987336366
2019-05-18 00:00:00+02:00,32.439128010941054
2019-05-19 00:00:00+02:00,27.799292591816315
2019-05-20 00:00:00+02:00,44.171944009546536
2019-05-21 00:00:00+02:00,43.525180844938696
2019-05-22 00:00:00+02:00,40.63650146286208
2019-05-23 00:00:00+02:00,43.51978068755991
2019-05-24 00:00:00+02:00,41.494431108103015
2019-05-25 00:00:00+02:00,37.957586904422946
2019-05-26 00:00:00+02:00,19.40024669598421
2019-05-27 00:00:00+02:00,37.03062304132167
2019-05-28 00:00:00+02:00,41.964784371547495
2019-05-29 00:00:00+02:00,38.87764914110634
2019-05-30 00:00:00+02:00,21.600290720163457
2019-05-31 00:00:00+02:00,34.92892976480691
2019-06-01 00:00:00+02:00,30.842650546948192
2019-06-02 00:00:00+02:00,25.812433119399003
2019-06-03 00:00:00+02:00,33.4477700809125
2019-06-04 00:00:00+02:00,40.37973315569166
2019-06-05 00:00:00+02:00,34.10407254877996
2019-06-06 00:00:00+02:00,34.57702457113419
2019-06-07 00:00:00+02:00,33.334692908260315
2019-06-08 00:00:00+02:00,-3.681720509412409
2019-06-09 00:00:00+02:00,19.651849665071207
2019-06-10 00:00:00+02:00,29.986686770278
2019-06-11 00:00:00+02:00,40.72593797939103
2019-06-12 00:00:00+02:00,41.158844129061755
2019-06-13 00:00:00+02:00,37.172689706833594
2019-06-14 00:00:00+02:00,40.89106640091486
2019-06-15 00:00:00+02:00,28.918973606586007
2019-06-16 00:00:00+02:00,25.953762337254958
2019-06-17 00:00:00+02:00,39.00856581534982
2019-06-18 00:00:00+02:00,42.44198052324617
2019-06-19 00:00:00+02:00,39.94172065585912
2019-06-20 00:00:00+02:00,35.36420226233718
2019-06-21 00:00:00+02:00,38.306338113178796
2019-06-22 00:00:00+02:00,32.591152310962585
2019-06-23 00:00:00+02:00,20.45617159384754
2019-06-24 00:00:00+02:00,33.06817354662697
2019-06-25 00:00:00+02:00,38.259077555383286
2019-06-26 00:00:00+02:00,36.98075988698984
2019-06-27 00:00:00+02:00,32.76607698274102
2019-06-28 00:00:00+02:00,39.580385971431305
2019-06-29 00:00:00+02:00,33.708634343631545
2019-06-30 00:00:00+02:00,9.171882995967911
2019-07-01 00:00:00+02:00,30.55224718373476
2019-07-02 00:00:00+02:00,32.54237868255967
2019-07-03 00:00:00+02:00,37.952090110980336
2019-07-04 00:00:00+02:00,35.803641338924116
2019-07-05 00:00:00+02:00,37.37997486118929
2019-07-06 00:00:00+02:00,31.21106629972502
2019-07-07 00:00:00+02:00,21.230953483132364
2019-07-08 00:00:00+02:00,36.29898457342874
2019-07-09 00:00:00+02:00,37.55978892182004
2019-07-10 00:00:00+02:00,39.57281491562658
2019-07-11 00:00:00+02:00,42.63401827025475
2019-07-12 00:00:00+02:00,41.75937371715718
2019-07-13 00:00:00+02:00,38.63436577576415
2019-07-14 00:00:00+02:00,34.713161341515544
2019-07-15 00:00:00+02:00,42.7854713168133
2019-07-16 00:00:00+02:00,44.05917215202896
2019-07-17 00:00:00+02:00,48.02978247213801
2019-07-18 00:00:00+02:00,44.682614254567945
2019-07-19 00:00:00+02:00,44.48895366270755
2019-07-20 00:00:00+02:00,36.942372133681744
2019-07-21 00:00:00+02:00,27.915070621195387
2019-07-22 00:00:00+02:00,45.24204944147187
2019-07-23 00:00:00+02:00,48.183480682899294
2019-07-24 00:00:00+02:00,48.11623944418179
2019-07-25 00:00:00+02:00,48.054086745730274
2019-07-26 00:00:00+02:00,45.55746469966942
2019-07-27 00:00:00+02:00,29.960484031506443
2019-07-28 00:00:00+02:00,33.056233320533785
2019-07-29 00:00:00+02:00,44.4283663555646
2019-07-30 00:00:00+02:00,44.823350554368886
2019-07-31 00:00:00+02:00,43.568665927863286
2019-08-01 00:00:00+02:00,46.38593150658267
2019-08-02 00:00:00+02:00,44.61946087915022
2019-08-03 00:00:00+02:00,37.5699411961781
2019-08-04 00:00:00+02:00,35.58701251684277
2019-08-05 00:00:00+02:00,45.060099081277805
2019-08-06 00:00:00+02:00,42.551170942012924
2019-08-07 00:00:00+02:00,43.70695191827132
2019-08-08 00:00:00+02:00,35.028117274198884
2019-08-09 00:00:00+02:00,36.032288861368905
2019-08-10 00:00:00+02:00,-6.447690711820598
2019-08-11 00:00:00+02:00,12.24990387693186
2019-08-12 00:00:00+02:00,34.35812451005115
2019-08-13 00:00:00+02:00,35.92206976987853
2019-08-14 00:00:00+02:00,38.0412200250291
2019-08-15 00:00:00+02:00,29.320279069600655
2019-08-16 00:00:00+02:00,34.24820288463028
2019-08-17 00:00:00+02:00,25.279509906405433
2019-08-18 00:00:00+02:00,25.119174201264354
2019-08-19 00:00:00+02:00,34.12895731006656
2019-08-20 00:00:00+02:00,39.483910849168375
2019-08-21 00:00:00+02:00,40.33961450956289
2019-08-22 00:00:00+02:00,37.2298247276705
2019-08-23 00:00:00+02:00,38.83462780773156
2019-08-24 00:00:00+02:00,33.90473110310619
2019-08-25 00:00:00+02:00,30.844851075276136
2019-08-26 00:00:00+02:00,41.10925148541009
2019-08-27 00:00:00+02:00,44.73243255549
2019-08-28 00:00:00+02:00,45.625114479897924
2019-08-29 00:00:00+02:00,47.13736131596016
2019-08-30 00:00:00+02:00,43.21968828286993
2019-08-31 00:00:00+02:00,34.69006483739389
2019-09-01 00:00:00+02:00,31.381739884768283
2019-09-02 00:00:00+02:00,43.8083420894128
2019-09-03 00:00:00+02:00,40.739328121902076
2019-09-04 00:00:00+02:00,37.02310523256456
2019-09-05 00:00:00+02:00,33.63364321408034
2019-09-06 00:00:00+02:00,33.756406770328425
2019-09-07 00:00:00+02:00,36.05481008842367
2019-09-08 00:00:00+02:00,35.60474182760501
2019-09-09 00:00:00+02:00,43.002568944742194
2019-09-10 00:00:00+02:00,37.139568093085245
2019-09-11 00:00:00+02:00,34.980885117209716
2019-09-12 00:00:00+02:00,35.45879650007381
2019-09-13 00:00:00+02:00,35.71221972256475
2019-09-14 00:00:00+02:00,34.89959002427551
2019-09-15 00:00:00+02:00,25.927337373705196
2019-09-16 00:00:00+02:00,41.2432989404099
2019-09-17 00:00:00+02:00,37.379595948186584
2019-09-18 00:00:00+02:00,35.40185480959722
2019-09-19 00:00:00+02:00,43.2293294354705
2019-09-20 00:00:00+02:00,44.15977458203685
2019-09-21 00:00:00+02:00,34.034211465113685
2019-09-22 00:00:00+02:00,31.48137922640112
2019-09-23 00:00:00+02:00,46.70000911603629
2019-09-24 00:00:00+02:00,44.188820384819245
2019-09-25 00:00:00+02:00,47.564743281337506
2019-09-26 00:00:00+02:00,43.30412018021851
2019-09-27 00:00:00+02:00,36.04842570850637
2019-09-28 00:00:00+02:00,18.728107855863083
2019-09-29 00:00:00+02:00,17.500068438612676
2019-09-30 00:00:00+02:00,19.539667982696077
2019-10-01 00:00:00+02:00,39.93577317539178
2019-10-02 00:00:00+02:00,40.337867837595724
2019-10-03 00:00:00+02:00,38.746002529180444
2019-10-04 00:00:00+02:00,43.848307342819616
2019-10-05 00:00:00+02:00,36.234309378488334
2019-10-06 00:00:00+02:00,30.99554936731855
2019-10-07 00:00:00+02:00,44.92880304950604
2019-10-08 00:00:00+02:00,37.57289256590267
2019-10-09 00:00:00+02:00,32.25933276483142
2019-10-10 00:00:00+02:00,30.542549323479765
2019-10-11 00:00:00+02:00,22.115379349295267
2019-10-12 00:00:00+02:00,21.946936963159548
2019-10-13 00:00:00+02:00,26.767522994986745
2019-10-14 00:00:00+02:00,39.97053649371238
2019-10-15 00:00:00+02:00,42.85852176278411
2019-10-16 00:00:00+02:00,40.698814603944435
2019-10-17 00:00:00+02:00,43.00147248067638
2019-10-18 00:00:00+02:00,41.150008748073745
2019-10-19 00:00:00+02:00,36.023490122940565
2019-10-20 00:00:00+02:00,37.269593497679416
2019-10-21 00:00:00+02:00,44.19423724179243
2019-10-22 00:00:00+02:00,46.716553243452125
2019-10-23 00:00:00+02:00,45.23775770974215
2019-10-24 00:00:00+02:00,39.99211618472943
2019-10-25 00:00:00+02:00,34.46420097919664
2019-10-26 00:00:00+02:00,18.805511588943286
2019-10-27 00:00:00+02:00,19.247044860948858
2019-10-28 00:00:00+01:00,44.22282669595045
2019-10-29 00:00:00+01:00,48.903161286592535
2019-10-30 00:00:00+01:00,48.23894186812558
2019-10-31 00:00:00+01:00,44.427750535898646
2019-11-01 00:00:00+01:00,38.56346673386286
2019-11-02 00:00:00+01:00,31.176666312541247
2019-11-03 00:00:00+01:00,29.28277857153113
2019-11-04 00:00:00+01:00,42.38487088766739
2019-11-05 00:00:00+01:00,45.011581798461684
2019-11-06 00:00:00+01:00,49.61521555014529
2019-11-07 00:00:00+01:00,43.956458143015105
2019-11-08 00:00:00+01:00,45.99241070364841
2019-11-09 00:00:00+01:00,38.551805264828424
2019-11-10 00:00:00+01:00,39.413097956629876
2019-11-11 00:00:00+01:00,42.79981944523993
2019-11-12 00:00:00+01:00,41.020941558538574
2019-11-13 00:00:00+01:00,47.83159982707369
2019-11-14 00:00:00+01:00,47.11878151555394
2019-11-15 00:00:00+01:00,39.02950515660156
2019-11-16 00:00:00+01:00,37.4237539930751
2019-11-17 00:00:00+01:00,36.063505750582095
2019-11-18 00:00:00+01:00,41.1679358602817
2019-11-19 00:00:00+01:00,44.258263647014594
2019-11-20 00:00:00+01:00,56.532352268735146
2019-11-21 00:00:00+01:00,51.64482706952035
2019-11-22 00:00:00+01:00,48.144367978217694
2019-11-23 00:00:00+01:00,30.456646705676558
2019-11-24 00:00:00+01:00,34.39986378837266
2019-11-25 00:00:00+01:00,49.859002587885904
2019-11-26 00:00:00+01:00,48.72663288691738
2019-11-27 00:00:00+01:00,42.86309974370872
2019-11-28 00:00:00+01:00,34.050452031915924
2019-11-29 00:00:00+01:00,38.24211283231436
2019-11-30 00:00:00+01:00,41.27018128139087
2019-12-01 00:00:00+01:00,40.72700149160857
2019-12-02 00:00:00+01:00,47.18224087681643
2019-12-03 00:00:00+01:00,49.135804217117204
2019-12-04 00:00:00+01:00,50.013805541355445
2019-12-05 00:00:00+01:00,46.05848071955315
2019-12-06 00:00:00+01:00,28.864014655457527
2019-12-07 00:00:00+01:00,21.521844987016916
2019-12-08 00:00:00+01:00,0.7136144611729048
2019-12-09 00:00:00+01:00,27.262859258966984
2019-12-10 00:00:00+01:00,39.62600735105227
2019-12-11 00:00:00+01:00,40.10077182642899
2019-12-12 00:00:00+01:00,41.93692851251897
2019-12-13 00:00:00+01:00,38.36977650630662
2019-12-14 00:00:00+01:00,19.282809454352662
2019-12-15 00:00:00+01:00,8.3813356083727
2019-12-16 00:00:00+01:00,38.66599420723051
2019-12-17 00:00:00+01:00,39.08479276750467
2019-12-18 00:00:00+01:00,40.521735900609315
2019-12-19 00:00:00+01:00,36.27199017123888
2019-12-20 00:00:00+01:00,30.15660040616603
2019-12-21 00:00:00+01:00,30.33383488062293
2019-12-22 00:00:00+01:00,27.263136626111887
2019-12-23 00:00:00+01:00,28.115484914316127
2019-12-24 00:00:00+01:00,24.470599264664568
2019-12-25 00:00:00+01:00,20.878411764848142
2019-12-26 00:00:00+01:00,26.223302723787274
2019-12-27 00:00:00+01:00,36.322308893080354
2019-12-28 00:00:00+01:00,35.57006017598828
2019-12-29 00:00:00+01:00,28.865344216090616
2019-12-30 00:00:00+01:00,20.01111071151139
